solid OpenSCAD_Model
  facet normal 0 0 1
    outer loop
      vertex -65.4017 38.8545 1.2
      vertex -65.543 39.3739 1.2
      vertex -66.9506 38.5721 1.2
    endloop
  endfacet
  facet normal -0 0 -1
    outer loop
      vertex -55.7703 45.3966 0
      vertex -55.8094 45.2535 0
      vertex -57.3387 46.1231 0
    endloop
  endfacet
  facet normal -0 -0 -1
    outer loop
      vertex -55.7648 45.692 0
      vertex -55.7555 45.5434 0
      vertex -57.3387 46.1231 0
    endloop
  endfacet
  facet normal -0 0 -1
    outer loop
      vertex -55.8094 45.2535 0
      vertex -55.8697 45.1187 0
      vertex -57.3387 46.1231 0
    endloop
  endfacet
  facet normal -0 0 -1
    outer loop
      vertex -55.8697 45.1187 0
      vertex -55.9534 44.9961 0
      vertex -57.3387 46.1231 0
    endloop
  endfacet
  facet normal -0.462476 0.611796 0.641733
    outer loop
      vertex -57.2374 46.23 1
      vertex -57.1259 46.1045 1.2
      vertex -57.1194 46.3192 1
    endloop
  endfacet
  facet normal 0.710275 -0.292243 0.640394
    outer loop
      vertex -56.4923 34.3677 1
      vertex -56.6948 34.3138 1.2
      vertex -56.5462 34.2367 1
    endloop
  endfacet
  facet normal 0.747607 -0.182144 0.638676
    outer loop
      vertex -56.4588 34.5052 1
      vertex -56.6233 34.5313 1.2
      vertex -56.4923 34.3677 1
    endloop
  endfacet
  facet normal 0 0 -1
    outer loop
      vertex -56.0314 46.2095 0
      vertex -56.9894 46.387 0
      vertex -56.8491 46.4335 0
    endloop
  endfacet
  facet normal 0 0 -1
    outer loop
      vertex -56.0314 46.2095 0
      vertex -56.8491 46.4335 0
      vertex -56.7041 46.4548 0
    endloop
  endfacet
  facet normal 0 0 -1
    outer loop
      vertex -56.0314 46.2095 0
      vertex -56.7041 46.4548 0
      vertex -56.5573 46.452 0
    endloop
  endfacet
  facet normal 0 0 -1
    outer loop
      vertex -56.0314 46.2095 0
      vertex -56.5573 46.452 0
      vertex -56.4124 46.4251 0
    endloop
  endfacet
  facet normal 0 0 -1
    outer loop
      vertex -56.0314 46.2095 0
      vertex -56.4124 46.4251 0
      vertex -56.2739 46.3749 0
    endloop
  endfacet
  facet normal 0 0 -1
    outer loop
      vertex -56.0314 46.2095 0
      vertex -56.2739 46.3749 0
      vertex -56.1457 46.3025 0
    endloop
  endfacet
  facet normal -0 0 1
    outer loop
      vertex -67.089 39.1435 1.2
      vertex -66.9506 38.5721 1.2
      vertex -65.543 39.3739 1.2
    endloop
  endfacet
  facet normal 0.745365 -0.18584 0.640231
    outer loop
      vertex -56.6233 34.5313 1.2
      vertex -56.6511 34.4198 1.2
      vertex -56.4923 34.3677 1
    endloop
  endfacet
  facet normal -0.752903 -0.658131 0.000369066
    outer loop
      vertex -58.3923 43.2215 -2.13181e-12
      vertex -58.043 42.8219 0
      vertex -58.0523 42.8331 1
    endloop
  endfacet
  facet normal -0.556814 0.527645 0.641521
    outer loop
      vertex -57.2374 46.23 1
      vertex -57.3387 46.1231 1
      vertex -57.1259 46.1045 1.2
    endloop
  endfacet
  facet normal 0.767045 -0.0602562 0.638758
    outer loop
      vertex -56.4477 34.6465 1
      vertex -56.6233 34.5313 1.2
      vertex -56.4588 34.5052 1
    endloop
  endfacet
  facet normal -0.554784 0.531907 0.639758
    outer loop
      vertex -57.3387 46.1231 1
      vertex -57.2096 46.0172 1.2
      vertex -57.1259 46.1045 1.2
    endloop
  endfacet
  facet normal 0 0 -1
    outer loop
      vertex -57.1194 46.3192 0
      vertex -56.9894 46.387 0
      vertex -55.9339 46.098 0
    endloop
  endfacet
  facet normal -0 -0 -1
    outer loop
      vertex -56.0314 46.2095 0
      vertex -55.9339 46.098 0
      vertex -56.9894 46.387 0
    endloop
  endfacet
  facet normal 0 0 -1
    outer loop
      vertex -57.2374 46.23 0
      vertex -57.1194 46.3192 0
      vertex -55.9339 46.098 0
    endloop
  endfacet
  facet normal 0 0 1
    outer loop
      vertex -65.6201 39.9072 1.2
      vertex -65.6312 40.4461 1.2
      vertex -67.1959 40.3142 1.2
    endloop
  endfacet
  facet normal 0.766016 -0.0558554 0.64039
    outer loop
      vertex -56.4477 34.6465 1
      vertex -56.6149 34.6465 1.2
      vertex -56.6233 34.5313 1.2
    endloop
  endfacet
  facet normal 0 0 -1
    outer loop
      vertex -66.8753 45.3966 0
      vertex -66.8902 45.5434 0
      vertex -65.307 46.1231 0
    endloop
  endfacet
  facet normal 0.648971 -0.760813 0
    outer loop
      vertex -56.8193 33.918 1
      vertex -56.8193 33.918 0
      vertex -56.7125 34.0091 1
    endloop
  endfacet
  facet normal 0.648971 -0.760813 0
    outer loop
      vertex -56.7125 34.0091 0
      vertex -56.7125 34.0091 1
      vertex -56.8193 33.918 0
    endloop
  endfacet
  facet normal -0.8948 -0.446458 0.0028722
    outer loop
      vertex -57.7475 42.3815 0
      vertex -57.5106 41.9067 7.84272e-13
      vertex -57.5264 41.9448 1
    endloop
  endfacet
  facet normal 0.550006 -0.83516 0
    outer loop
      vertex -56.8193 33.918 1
      vertex -57.3582 33.5631 1
      vertex -56.8193 33.918 0
    endloop
  endfacet
  facet normal -0.964809 -0.262946 -0.00151133
    outer loop
      vertex -66.8363 45.2535 0
      vertex -66.8419 45.2683 1
      vertex -66.8753 45.3966 0
    endloop
  endfacet
  facet normal 0 -0 -1
    outer loop
      vertex -65.7966 46.4335 0
      vertex -65.6563 46.387 0
      vertex -66.7899 45.9726 0
    endloop
  endfacet
  facet normal 0 -0 -1
    outer loop
      vertex -65.6563 46.387 0
      vertex -65.5262 46.3192 0
      vertex -66.7899 45.9726 0
    endloop
  endfacet
  facet normal 0 -0 -1
    outer loop
      vertex -65.5262 46.3192 0
      vertex -65.4082 46.23 0
      vertex -66.7899 45.9726 0
    endloop
  endfacet
  facet normal 0 -0 -1
    outer loop
      vertex -65.4082 46.23 0
      vertex -65.307 46.1231 0
      vertex -66.7899 45.9726 0
    endloop
  endfacet
  facet normal 0 0 -1
    outer loop
      vertex -66.8465 45.836 0
      vertex -66.7899 45.9726 0
      vertex -65.307 46.1231 0
    endloop
  endfacet
  facet normal 0 0 -1
    outer loop
      vertex -66.8902 45.5434 0
      vertex -66.8809 45.692 0
      vertex -65.307 46.1231 0
    endloop
  endfacet
  facet normal -0.890097 -0.455767 -0.00223289
    outer loop
      vertex -57.7475 42.3815 0
      vertex -57.5264 41.9448 1
      vertex -57.7624 42.4057 1
    endloop
  endfacet
  facet normal -0.971475 -0.237132 0.00202327
    outer loop
      vertex -66.8419 45.2683 1
      vertex -66.8791 45.4207 1
      vertex -66.8753 45.3966 0
    endloop
  endfacet
  facet normal 0.590805 0.806813 0.00157473
    outer loop
      vertex -65.5262 46.3192 0
      vertex -65.5402 46.3275 1
      vertex -65.4147 46.2356 1
    endloop
  endfacet
  facet normal -0.994888 -0.10098 -0.00134696
    outer loop
      vertex -66.8791 45.4207 1
      vertex -66.8902 45.5434 0
      vertex -66.8753 45.3966 0
    endloop
  endfacet
  facet normal 0.849826 -0.527063 0
    outer loop
      vertex -56.5462 34.2367 1
      vertex -56.6205 34.1169 1
      vertex -56.6205 34.1169 0
    endloop
  endfacet
  facet normal 0.849826 -0.527063 0
    outer loop
      vertex -56.5462 34.2367 1
      vertex -56.6205 34.1169 0
      vertex -56.5462 34.2367 0
    endloop
  endfacet
  facet normal 0 -0 -1
    outer loop
      vertex -66.5 46.3025 0
      vertex -66.3717 46.3749 0
      vertex -66.7118 46.098 0
    endloop
  endfacet
  facet normal 0 -0 -1
    outer loop
      vertex -66.3717 46.3749 0
      vertex -66.2333 46.4251 0
      vertex -66.7118 46.098 0
    endloop
  endfacet
  facet normal 0 -0 -1
    outer loop
      vertex -66.6143 46.2095 0
      vertex -66.5 46.3025 0
      vertex -66.7118 46.098 0
    endloop
  endfacet
  facet normal 0 -0 -1
    outer loop
      vertex -66.2333 46.4251 0
      vertex -66.0884 46.452 0
      vertex -66.7118 46.098 0
    endloop
  endfacet
  facet normal 0.603024 0.797723 -0.000547589
    outer loop
      vertex -65.4147 46.2356 1
      vertex -65.4082 46.23 0
      vertex -65.5262 46.3192 0
    endloop
  endfacet
  facet normal -0.997479 -0.070929 0.00236903
    outer loop
      vertex -66.8902 45.5768 1
      vertex -66.8902 45.5434 0
      vertex -66.8791 45.4207 1
    endloop
  endfacet
  facet normal 0.760649 -0.649163 0
    outer loop
      vertex -56.7125 34.0091 0
      vertex -56.6205 34.1169 0
      vertex -56.7125 34.0091 1
    endloop
  endfacet
  facet normal 0.760649 -0.649163 0
    outer loop
      vertex -56.6205 34.1169 1
      vertex -56.7125 34.0091 1
      vertex -56.6205 34.1169 0
    endloop
  endfacet
  facet normal 0.722349 0.691528 0.000822707
    outer loop
      vertex -65.4147 46.2356 1
      vertex -65.307 46.1231 1
      vertex -65.4082 46.23 0
    endloop
  endfacet
  facet normal -0.830393 -0.557178 0.00111085
    outer loop
      vertex -58.043 42.8219 0
      vertex -57.7475 42.3815 0
      vertex -57.7624 42.4057 1
    endloop
  endfacet
  facet normal 0.4971 -0.584745 0.641066
    outer loop
      vertex -56.7125 34.0091 1
      vertex -56.8295 34.1289 1.2
      vertex -56.9169 34.0546 1.2
    endloop
  endfacet
  facet normal 0.726203 0.687481 0
    outer loop
      vertex -65.307 46.1231 1
      vertex -65.307 46.1231 0
      vertex -65.4082 46.23 0
    endloop
  endfacet
  facet normal 0.554945 0.531268 0.640149
    outer loop
      vertex -65.4147 46.2356 1
      vertex -65.5244 46.1092 1.2
      vertex -65.307 46.1231 1
    endloop
  endfacet
  facet normal 0.497818 -0.583611 0.641541
    outer loop
      vertex -56.9169 34.0546 1.2
      vertex -56.8193 33.918 1
      vertex -56.7125 34.0091 1
    endloop
  endfacet
  facet normal -0 0 -1
    outer loop
      vertex -56.325 44.5306 0
      vertex -56.3845 44.4423 0
      vertex -57.3387 46.1231 0
    endloop
  endfacet
  facet normal 0 0 -1
    outer loop
      vertex -58.4314 44.7564 0
      vertex -57.3387 46.1231 0
      vertex -56.3845 44.4423 0
    endloop
  endfacet
  facet normal -0 0 -1
    outer loop
      vertex -56.3845 44.4423 0
      vertex -56.43 44.3448 0
      vertex -58.4314 44.7564 0
    endloop
  endfacet
  facet normal -0 -0 -1
    outer loop
      vertex -55.7991 45.836 0
      vertex -55.7648 45.692 0
      vertex -57.3387 46.1231 0
    endloop
  endfacet
  facet normal -0.998045 0.0624618 -0.00208622
    outer loop
      vertex -66.8902 45.5434 0
      vertex -66.8902 45.5768 1
      vertex -66.8809 45.692 0
    endloop
  endfacet
  facet normal 0.584205 -0.498579 0.640409
    outer loop
      vertex -56.8295 34.1289 1.2
      vertex -56.7125 34.0091 1
      vertex -56.6205 34.1169 1
    endloop
  endfacet
  facet normal 0.554511 0.53221 0.639742
    outer loop
      vertex -65.4361 46.0172 1.2
      vertex -65.307 46.1231 1
      vertex -65.5244 46.1092 1.2
    endloop
  endfacet
  facet normal 0.967169 -0.254133 0
    outer loop
      vertex -64.3778 35.0349 0
      vertex -64.3639 35.0878 0
      vertex -64.3778 35.0349 1
    endloop
  endfacet
  facet normal 0.967169 -0.254133 0
    outer loop
      vertex -64.3639 35.0878 1
      vertex -64.3778 35.0349 1
      vertex -64.3639 35.0878 0
    endloop
  endfacet
  facet normal 0.581282 -0.505345 0.63776
    outer loop
      vertex -56.6205 34.1169 1
      vertex -56.7543 34.2154 1.2
      vertex -56.8295 34.1289 1.2
    endloop
  endfacet
  facet normal -0.683442 -0.349077 0.641134
    outer loop
      vertex -57.7624 42.4057 1
      vertex -57.374 42.0126 1.2
      vertex -57.6184 42.4911 1.2
    endloop
  endfacet
  facet normal 0.453904 0.619858 0.640115
    outer loop
      vertex -65.5402 46.3275 1
      vertex -65.6256 46.1835 1.2
      vertex -65.4147 46.2356 1
    endloop
  endfacet
  facet normal 0 0 -1
    outer loop
      vertex -58.4843 44.6783 0
      vertex -58.4314 44.7564 0
      vertex -56.4588 44.2407 0
    endloop
  endfacet
  facet normal 0.654532 -0.405941 0.637808
    outer loop
      vertex -56.5462 34.2367 1
      vertex -56.7543 34.2154 1.2
      vertex -56.6205 34.1169 1
    endloop
  endfacet
  facet normal -0.683985 -0.350229 0.639925
    outer loop
      vertex -57.7624 42.4057 1
      vertex -57.5264 41.9448 1
      vertex -57.374 42.0126 1.2
    endloop
  endfacet
  facet normal 0.454483 0.619027 0.640509
    outer loop
      vertex -65.6256 46.1835 1.2
      vertex -65.5244 46.1092 1.2
      vertex -65.4147 46.2356 1
    endloop
  endfacet
  facet normal 0 0 -1
    outer loop
      vertex -58.5234 44.5919 0
      vertex -58.4843 44.6783 0
      vertex -56.4588 44.2407 0
    endloop
  endfacet
  facet normal 0.656758 -0.397125 0.641063
    outer loop
      vertex -56.6948 34.3138 1.2
      vertex -56.7543 34.2154 1.2
      vertex -56.5462 34.2367 1
    endloop
  endfacet
  facet normal 0 0 -1
    outer loop
      vertex -58.5466 44.4999 0
      vertex -58.5234 44.5919 0
      vertex -56.4588 44.2407 0
    endloop
  endfacet
  facet normal -0 0 -1
    outer loop
      vertex -56.43 44.3448 0
      vertex -56.4588 44.2407 0
      vertex -58.4314 44.7564 0
    endloop
  endfacet
  facet normal 0 0 1
    outer loop
      vertex -57.2439 38.8545 1.2
      vertex -57.4483 38.3565 1.2
      vertex -55.8893 38.0174 1.2
    endloop
  endfacet
  facet normal 0 0 -1
    outer loop
      vertex -56.4718 44.1339 0
      vertex -58.5549 44.4052 0
      vertex -56.4588 44.2407 0
    endloop
  endfacet
  facet normal -0.763903 0.0817244 0.640135
    outer loop
      vertex -66.8735 45.7329 1
      vertex -66.8902 45.5768 1
      vertex -66.723 45.5731 1.2
    endloop
  endfacet
  facet normal -0 0 -1
    outer loop
      vertex -56.4672 44.0261 0
      vertex -58.5549 43.6173 0
      vertex -56.4718 44.1339 0
    endloop
  endfacet
  facet normal -0 0 -1
    outer loop
      vertex -55.9534 44.9961 0
      vertex -56.325 44.5306 0
      vertex -57.3387 46.1231 0
    endloop
  endfacet
  facet normal 0 0 1
    outer loop
      vertex -56.5136 36.8439 1.2
      vertex -58.0318 37.4562 1.2
      vertex -56.5694 36.698 1.2
    endloop
  endfacet
  facet normal -0 0 -1
    outer loop
      vertex -56.4458 43.9211 0
      vertex -58.5549 43.6173 0
      vertex -56.4672 44.0261 0
    endloop
  endfacet
  facet normal 9.64783e-13 3.62865e-13 -1
    outer loop
      vertex -56.4077 43.8198 0
      vertex -58.3923 43.2215 -2.13181e-12
      vertex -56.4458 43.9211 0
    endloop
  endfacet
  facet normal -0.766569 -0.0545094 0.639844
    outer loop
      vertex -66.8902 45.5768 1
      vertex -66.8791 45.4207 1
      vertex -66.723 45.5731 1.2
    endloop
  endfacet
  facet normal 0 0 1
    outer loop
      vertex -56.5694 36.698 1.2
      vertex -58.0318 37.4562 1.2
      vertex -56.6038 36.5456 1.2
    endloop
  endfacet
  facet normal 0 -0 1
    outer loop
      vertex -56.6149 36.3886 1.2
      vertex -56.6038 36.5456 1.2
      vertex -58.4016 37.0678 1.2
    endloop
  endfacet
  facet normal 0 -0 -1
    outer loop
      vertex -58.5466 44.4999 0
      vertex -56.4588 44.2407 0
      vertex -58.5549 44.4052 0
    endloop
  endfacet
  facet normal -0.768197 -0.0506901 0.638204
    outer loop
      vertex -66.723 45.5731 1.2
      vertex -66.8791 45.4207 1
      vertex -66.7146 45.4458 1.2
    endloop
  endfacet
  facet normal -0 0 -1
    outer loop
      vertex -56.3538 43.7269 0
      vertex -58.043 42.8219 0
      vertex -56.4077 43.8198 0
    endloop
  endfacet
  facet normal -0.74707 -0.18692 0.637924
    outer loop
      vertex -66.6839 45.3231 1.2
      vertex -66.7146 45.4458 1.2
      vertex -66.8791 45.4207 1
    endloop
  endfacet
  facet normal -0.746637 -0.18225 0.63978
    outer loop
      vertex -66.8419 45.2683 1
      vertex -66.6839 45.3231 1.2
      vertex -66.8791 45.4207 1
    endloop
  endfacet
  facet normal 0 0 1
    outer loop
      vertex -58.4016 37.0678 1.2
      vertex -58.3347 35.3972 1.2
      vertex -56.6149 36.3886 1.2
    endloop
  endfacet
  facet normal 0 -0 1
    outer loop
      vertex -58.2074 35.2904 1.2
      vertex -56.6149 36.3886 1.2
      vertex -58.2669 35.3498 1.2
    endloop
  endfacet
  facet normal -0.703902 -0.307431 0.640319
    outer loop
      vertex -66.8419 45.2683 1
      vertex -66.6328 45.2061 1.2
      vertex -66.6839 45.3231 1.2
    endloop
  endfacet
  facet normal -3.88808e-13 -1.42524e-13 -1
    outer loop
      vertex -55.565 42.1018 0
      vertex -57.5106 41.9067 7.84272e-13
      vertex -55.7731 42.6695 0
    endloop
  endfacet
  facet normal 6.4656e-13 -1.3292e-12 -1
    outer loop
      vertex -57.5106 41.9067 7.84272e-13
      vertex -57.7475 42.3815 0
      vertex -56.0379 43.2131 0
    endloop
  endfacet
  facet normal -3.71855e-13 -1.81139e-13 -1
    outer loop
      vertex -56.0379 43.2131 0
      vertex -55.7731 42.6695 0
      vertex -57.5106 41.9067 7.84272e-13
    endloop
  endfacet
  facet normal -0.703812 -0.308568 0.639871
    outer loop
      vertex -66.8419 45.2683 1
      vertex -66.7796 45.1262 1
      vertex -66.6328 45.2061 1.2
    endloop
  endfacet
  facet normal -0.830377 -0.557201 0.00110662
    outer loop
      vertex -66.6923 44.9961 1
      vertex -66.7796 45.1262 1
      vertex -66.7759 45.1187 -3.0127e-12
    endloop
  endfacet
  facet normal -0.307108 0.951645 -0.00747337
    outer loop
      vertex -60.0248 36.2966 0
      vertex -60.3054 36.2139 1
      vertex -59.8158 36.3719 1
    endloop
  endfacet
  facet normal -0.0868689 0.99622 0
    outer loop
      vertex -58.5735 34.6678 1
      vertex -58.5196 34.6725 0
      vertex -58.5735 34.6678 0
    endloop
  endfacet
  facet normal -0.826199 -0.563379 0
    outer loop
      vertex -66.7759 45.1187 -3.0127e-12
      vertex -66.6923 44.9961 0
      vertex -66.6923 44.9961 1
    endloop
  endfacet
  facet normal -0 0 -1
    outer loop
      vertex -55.7555 45.5434 0
      vertex -55.7703 45.3966 0
      vertex -57.3387 46.1231 0
    endloop
  endfacet
  facet normal -0 -0 -1
    outer loop
      vertex -55.8558 45.9726 0
      vertex -55.7991 45.836 0
      vertex -57.3387 46.1231 0
    endloop
  endfacet
  facet normal 0 0 -1
    outer loop
      vertex -57.3387 46.1231 0
      vertex -57.2374 46.23 0
      vertex -55.8558 45.9726 0
    endloop
  endfacet
  facet normal -0 -0 -1
    outer loop
      vertex -55.9339 46.098 0
      vertex -55.8558 45.9726 0
      vertex -57.2374 46.23 0
    endloop
  endfacet
  facet normal -0.912579 -0.4089 -0.000309789
    outer loop
      vertex -66.7796 45.1262 1
      vertex -66.8363 45.2535 0
      vertex -66.7759 45.1187 -3.0127e-12
    endloop
  endfacet
  facet normal -0.915846 -0.401529 0.000813885
    outer loop
      vertex -66.8419 45.2683 1
      vertex -66.8363 45.2535 0
      vertex -66.7796 45.1262 1
    endloop
  endfacet
  facet normal -7.94968e-12 2.51656e-11 -1
    outer loop
      vertex -58.449 43.2883 0
      vertex -56.4458 43.9211 0
      vertex -58.3923 43.2215 -2.13181e-12
    endloop
  endfacet
  facet normal 0 0 -1
    outer loop
      vertex -58.4946 43.3627 0
      vertex -56.4458 43.9211 0
      vertex -58.449 43.2883 0
    endloop
  endfacet
  facet normal 0 0 -1
    outer loop
      vertex -58.528 43.4444 0
      vertex -56.4458 43.9211 0
      vertex -58.4946 43.3627 0
    endloop
  endfacet
  facet normal 0 0 -1
    outer loop
      vertex -58.5475 43.5299 0
      vertex -56.4458 43.9211 0
      vertex -58.528 43.4444 0
    endloop
  endfacet
  facet normal 0.76656 -0.0781919 0.637395
    outer loop
      vertex -64.3778 35.0349 1
      vertex -64.5497 34.98 1.2
      vertex -64.3834 34.98 1
    endloop
  endfacet
  facet normal 2.12302e-12 -3.47908e-12 -1
    outer loop
      vertex -58.3923 43.2215 -2.13181e-12
      vertex -56.4077 43.8198 0
      vertex -58.043 42.8219 0
    endloop
  endfacet
  facet normal 0 0 -1
    outer loop
      vertex -58.5549 43.6173 0
      vertex -56.4458 43.9211 0
      vertex -58.5475 43.5299 0
    endloop
  endfacet
  facet normal 0 0 -1
    outer loop
      vertex -58.5549 44.4052 0
      vertex -56.4718 44.1339 0
      vertex -58.5549 43.6173 0
    endloop
  endfacet
  facet normal 0.744429 0.194648 0.6387
    outer loop
      vertex -55.7239 42.0517 1.2
      vertex -55.5752 41.483 1.2
      vertex -55.4126 41.5174 1
    endloop
  endfacet
  facet normal 0.765684 -0.0669747 0.639721
    outer loop
      vertex -64.5423 35.0646 1.2
      vertex -64.5497 34.98 1.2
      vertex -64.3778 35.0349 1
    endloop
  endfacet
  facet normal -0.142746 0.753798 0.641414
    outer loop
      vertex -60.7895 35.9519 1.2
      vertex -60.2646 36.0513 1.2
      vertex -60.81 36.1182 1
    endloop
  endfacet
  facet normal 0 0 -1
    outer loop
      vertex -58.043 42.8219 0
      vertex -56.3538 43.7269 0
      vertex -57.7475 42.3815 0
    endloop
  endfacet
  facet normal 0 -0 -1
    outer loop
      vertex -56.3538 43.7269 0
      vertex -56.0379 43.2131 0
      vertex -57.7475 42.3815 0
    endloop
  endfacet
  facet normal -0 0 -1
    outer loop
      vertex -55.4126 41.5174 0
      vertex -57.3341 41.405 0
      vertex -55.565 42.1018 0
    endloop
  endfacet
  facet normal 0.987678 0.156497 0
    outer loop
      vertex -55.4126 41.5174 1
      vertex -55.3178 40.9191 1
      vertex -55.3178 40.9191 0
    endloop
  endfacet
  facet normal 0.987678 0.156497 0
    outer loop
      vertex -55.4126 41.5174 1
      vertex -55.3178 40.9191 0
      vertex -55.4126 41.5174 0
    endloop
  endfacet
  facet normal 0.815953 0.578119 -0
    outer loop
      vertex -64.31 34.7793 0
      vertex -64.3416 34.8239 0
      vertex -64.31 34.7793 1
    endloop
  endfacet
  facet normal -0.142903 0.753491 0.64174
    outer loop
      vertex -60.2646 36.0513 1.2
      vertex -60.3054 36.2139 1
      vertex -60.81 36.1182 1
    endloop
  endfacet
  facet normal -0.235679 0.730305 0.641178
    outer loop
      vertex -60.3054 36.2139 1
      vertex -59.7554 36.2158 1.2
      vertex -59.8158 36.3719 1
    endloop
  endfacet
  facet normal 0.998391 0.0566967 0
    outer loop
      vertex -55.3178 40.9191 1
      vertex -55.2835 40.3151 1
      vertex -55.2835 40.3151 0
    endloop
  endfacet
  facet normal 0.998391 0.0566967 0
    outer loop
      vertex -55.3178 40.9191 1
      vertex -55.2835 40.3151 0
      vertex -55.3178 40.9191 0
    endloop
  endfacet
  facet normal 0 -0 -1
    outer loop
      vertex -55.4126 41.5174 0
      vertex -55.3178 40.9191 0
      vertex -57.2235 40.8856 0
    endloop
  endfacet
  facet normal 0 0 -1
    outer loop
      vertex -57.2235 40.8856 0
      vertex -57.3341 41.405 0
      vertex -55.4126 41.5174 0
    endloop
  endfacet
  facet normal 0 0 -1
    outer loop
      vertex -55.2835 40.3151 0
      vertex -57.178 40.3551 0
      vertex -55.3178 40.9191 0
    endloop
  endfacet
  facet normal -0 0 -1
    outer loop
      vertex -55.5353 38.5247 0
      vertex -55.736 37.9533 0
      vertex -57.4446 38.7904 0
    endloop
  endfacet
  facet normal 0 -0 1
    outer loop
      vertex -58.41 35.4325 1.2
      vertex -58.4016 37.0678 1.2
      vertex -58.4908 35.4539 1.2
    endloop
  endfacet
  facet normal 0.768573 -0.032797 0.638921
    outer loop
      vertex -55.2835 40.3151 1
      vertex -55.4498 40.3142 1.2
      vertex -55.4749 39.726 1.2
    endloop
  endfacet
  facet normal 0.715312 0.698805 -0
    outer loop
      vertex -64.31 34.7793 0
      vertex -64.31 34.7793 1
      vertex -64.2719 34.7403 1
    endloop
  endfacet
  facet normal 0.768086 0.0436181 0.63886
    outer loop
      vertex -55.3178 40.9191 1
      vertex -55.4498 40.3142 1.2
      vertex -55.2835 40.3151 1
    endloop
  endfacet
  facet normal 0.765995 0.0448743 0.641279
    outer loop
      vertex -55.3178 40.9191 1
      vertex -55.4842 40.9014 1.2
      vertex -55.4498 40.3142 1.2
    endloop
  endfacet
  facet normal 0 0 -1
    outer loop
      vertex -57.2235 40.8856 0
      vertex -55.3178 40.9191 0
      vertex -57.178 40.3551 0
    endloop
  endfacet
  facet normal -0 0 -1
    outer loop
      vertex -55.2835 40.3151 0
      vertex -55.3086 39.7112 0
      vertex -57.178 40.3551 0
    endloop
  endfacet
  facet normal -0.235811 0.729939 0.641546
    outer loop
      vertex -60.3054 36.2139 1
      vertex -60.2646 36.0513 1.2
      vertex -59.7554 36.2158 1.2
    endloop
  endfacet
  facet normal 0.760037 0.120427 0.638624
    outer loop
      vertex -55.4126 41.5174 1
      vertex -55.5752 41.483 1.2
      vertex -55.3178 40.9191 1
    endloop
  endfacet
  facet normal 0 0 -1
    outer loop
      vertex -57.2012 39.8236 0
      vertex -57.178 40.3551 0
      vertex -55.3086 39.7112 0
    endloop
  endfacet
  facet normal -0 0 1
    outer loop
      vertex -59.2704 36.4425 1.2
      vertex -58.5735 35.4613 1.2
      vertex -58.817 36.7277 1.2
    endloop
  endfacet
  facet normal 0.758111 0.118618 0.641246
    outer loop
      vertex -55.5752 41.483 1.2
      vertex -55.4842 40.9014 1.2
      vertex -55.3178 40.9191 1
    endloop
  endfacet
  facet normal -0.01907 0.999815 -0.00267771
    outer loop
      vertex -66.0884 46.452 0
      vertex -65.9824 46.4567 1
      vertex -65.9416 46.4548 0
    endloop
  endfacet
  facet normal -5.40779e-13 1.37298e-12 -1
    outer loop
      vertex -57.5106 41.9067 7.84272e-13
      vertex -55.565 42.1018 0
      vertex -57.3341 41.405 0
    endloop
  endfacet
  facet normal 0.890097 -0.455767 -0.00214388
    outer loop
      vertex -64.8981 42.3815 0
      vertex -64.8833 42.4057 1
      vertex -65.1193 41.9448 1
    endloop
  endfacet
  facet normal 0.971907 -0.235363 0
    outer loop
      vertex -55.3931 39.1119 0
      vertex -55.3931 39.1119 1
      vertex -55.5353 38.5247 1
    endloop
  endfacet
  facet normal 0.971907 -0.235363 0
    outer loop
      vertex -55.3931 39.1119 0
      vertex -55.5353 38.5247 1
      vertex -55.5353 38.5247 0
    endloop
  endfacet
  facet normal 0.550006 -0.83516 0
    outer loop
      vertex -57.3582 33.5631 1
      vertex -57.3582 33.5631 0
      vertex -56.8193 33.918 0
    endloop
  endfacet
  facet normal 0.943492 -0.331395 0
    outer loop
      vertex -55.5353 38.5247 1
      vertex -55.736 37.9533 1
      vertex -55.5353 38.5247 0
    endloop
  endfacet
  facet normal -0.562852 0.826548 0.00393719
    outer loop
      vertex -66.5585 46.2579 1
      vertex -66.4303 46.3452 1
      vertex -66.5 46.3025 0
    endloop
  endfacet
  facet normal 0.421864 -0.639534 0.642672
    outer loop
      vertex -57.4437 33.7071 1.2
      vertex -56.8193 33.918 1
      vertex -56.9169 34.0546 1.2
    endloop
  endfacet
  facet normal -0 0 1
    outer loop
      vertex -58.4016 37.0678 1.2
      vertex -56.6038 36.5456 1.2
      vertex -58.0318 37.4562 1.2
    endloop
  endfacet
  facet normal -0.325043 0.695393 0.640917
    outer loop
      vertex -59.7554 36.2158 1.2
      vertex -59.2704 36.4425 1.2
      vertex -59.8158 36.3719 1
    endloop
  endfacet
  facet normal -0.0506221 0.76482 0.642252
    outer loop
      vertex -66.1116 46.2802 1.2
      vertex -65.9862 46.2885 1.2
      vertex -65.9824 46.4567 1
    endloop
  endfacet
  facet normal 0.479721 -0.877421 0
    outer loop
      vertex -57.9241 33.2537 0
      vertex -57.3582 33.5631 0
      vertex -57.9241 33.2537 1
    endloop
  endfacet
  facet normal 0.479721 -0.877421 0
    outer loop
      vertex -57.3582 33.5631 1
      vertex -57.9241 33.2537 1
      vertex -57.3582 33.5631 0
    endloop
  endfacet
  facet normal 0.725391 -0.253959 0.639776
    outer loop
      vertex -55.8893 38.0174 1.2
      vertex -55.5353 38.5247 1
      vertex -55.6951 38.5721 1.2
    endloop
  endfacet
  facet normal 0 -0 -1
    outer loop
      vertex -57.2012 39.8236 0
      vertex -55.3931 39.1119 0
      vertex -57.2895 39.2986 0
    endloop
  endfacet
  facet normal 0.747232 -0.180954 0.639453
    outer loop
      vertex -55.3931 39.1119 1
      vertex -55.5566 39.1435 1.2
      vertex -55.5353 38.5247 1
    endloop
  endfacet
  facet normal -0 0 -1
    outer loop
      vertex -55.3931 39.1119 0
      vertex -55.5353 38.5247 0
      vertex -57.2895 39.2986 0
    endloop
  endfacet
  facet normal 0.746966 -0.181055 0.639736
    outer loop
      vertex -55.5566 39.1435 1.2
      vertex -55.6951 38.5721 1.2
      vertex -55.5353 38.5247 1
    endloop
  endfacet
  facet normal -0.0502587 0.764721 0.642399
    outer loop
      vertex -66.1376 46.4465 1
      vertex -66.1116 46.2802 1.2
      vertex -65.9824 46.4567 1
    endloop
  endfacet
  facet normal 0.403307 -0.915065 0
    outer loop
      vertex -58.5122 32.9945 1
      vertex -58.5122 32.9945 0
      vertex -57.9241 33.2537 1
    endloop
  endfacet
  facet normal 0.403307 -0.915065 0
    outer loop
      vertex -58.5122 32.9945 0
      vertex -57.9241 33.2537 0
      vertex -57.9241 33.2537 1
    endloop
  endfacet
  facet normal -0.186163 0.74344 0.642371
    outer loop
      vertex -66.1376 46.4465 1
      vertex -66.2342 46.2495 1.2
      vertex -66.1116 46.2802 1.2
    endloop
  endfacet
  facet normal 0 0 -1
    outer loop
      vertex -55.3931 39.1119 0
      vertex -57.2012 39.8236 0
      vertex -55.3086 39.7112 0
    endloop
  endfacet
  facet normal 0.309145 -0.701421 0.642213
    outer loop
      vertex -57.9241 33.2537 1
      vertex -58.5735 33.1506 1.2
      vertex -58.5122 32.9945 1
    endloop
  endfacet
  facet normal 0.894725 -0.446609 0.00287914
    outer loop
      vertex -64.8981 42.3815 0
      vertex -65.1193 41.9448 1
      vertex -65.1351 41.9067 7.84272e-13
    endloop
  endfacet
  facet normal 0.999137 -0.0415273 0
    outer loop
      vertex -55.3086 39.7112 1
      vertex -55.3086 39.7112 0
      vertex -55.2835 40.3151 1
    endloop
  endfacet
  facet normal 0.309345 -0.700128 0.643527
    outer loop
      vertex -57.9241 33.2537 1
      vertex -57.9975 33.4051 1.2
      vertex -58.5735 33.1506 1.2
    endloop
  endfacet
  facet normal -0.188254 0.743626 0.641545
    outer loop
      vertex -66.2881 46.4084 1
      vertex -66.2342 46.2495 1.2
      vertex -66.1376 46.4465 1
    endloop
  endfacet
  facet normal 0.999137 -0.0415273 0
    outer loop
      vertex -55.2835 40.3151 0
      vertex -55.2835 40.3151 1
      vertex -55.3086 39.7112 0
    endloop
  endfacet
  facet normal 0.367277 -0.671758 0.643311
    outer loop
      vertex -57.9975 33.4051 1.2
      vertex -57.9241 33.2537 1
      vertex -57.3582 33.5631 1
    endloop
  endfacet
  facet normal -0.325389 0.693856 0.642406
    outer loop
      vertex -59.8158 36.3719 1
      vertex -59.2704 36.4425 1.2
      vertex -59.3503 36.5902 1
    endloop
  endfacet
  facet normal 0.990206 -0.139617 0
    outer loop
      vertex -55.3931 39.1119 0
      vertex -55.3086 39.7112 1
      vertex -55.3931 39.1119 1
    endloop
  endfacet
  facet normal 0 -0 -1
    outer loop
      vertex -64.0991 44.4999 0
      vertex -64.0907 44.4052 0
      vertex -66.1738 44.1339 0
    endloop
  endfacet
  facet normal 0 -0 -1
    outer loop
      vertex -64.1223 44.5919 0
      vertex -64.0991 44.4999 0
      vertex -66.1738 44.1339 0
    endloop
  endfacet
  facet normal 0 -0 -1
    outer loop
      vertex -64.0907 44.4052 0
      vertex -64.0907 43.6173 0
      vertex -66.1738 44.1339 0
    endloop
  endfacet
  facet normal 0.367171 -0.673309 0.641748
    outer loop
      vertex -57.9975 33.4051 1.2
      vertex -57.3582 33.5631 1
      vertex -57.4437 33.7071 1.2
    endloop
  endfacet
  facet normal -0.311675 0.701269 0.641155
    outer loop
      vertex -66.2881 46.4084 1
      vertex -66.4303 46.3452 1
      vertex -66.2342 46.2495 1.2
    endloop
  endfacet
  facet normal 0.421881 -0.640607 0.641591
    outer loop
      vertex -56.8193 33.918 1
      vertex -57.4437 33.7071 1.2
      vertex -57.3582 33.5631 1
    endloop
  endfacet
  facet normal 0.990206 -0.139617 0
    outer loop
      vertex -55.3086 39.7112 1
      vertex -55.3931 39.1119 0
      vertex -55.3086 39.7112 0
    endloop
  endfacet
  facet normal -0 0 -1
    outer loop
      vertex -64.2533 43.2215 0
      vertex -64.6027 42.8219 0
      vertex -66.238 43.8198 0
    endloop
  endfacet
  facet normal 0 0 -1
    outer loop
      vertex -66.2918 43.7269 0
      vertex -66.238 43.8198 0
      vertex -64.6027 42.8219 0
    endloop
  endfacet
  facet normal -0 0 -1
    outer loop
      vertex -64.6027 42.8219 0
      vertex -64.8981 42.3815 0
      vertex -66.2918 43.7269 0
    endloop
  endfacet
  facet normal 0 0 -1
    outer loop
      vertex -66.6077 43.2131 0
      vertex -66.2918 43.7269 0
      vertex -64.8981 42.3815 0
    endloop
  endfacet
  facet normal 0 -0 1
    outer loop
      vertex -58.1248 35.1454 1.2
      vertex -56.6149 36.3886 1.2
      vertex -58.1601 35.2216 1.2
    endloop
  endfacet
  facet normal 0.760564 -0.107238 0.640345
    outer loop
      vertex -55.3931 39.1119 1
      vertex -55.3086 39.7112 1
      vertex -55.4749 39.726 1.2
    endloop
  endfacet
  facet normal 0 0 -1
    outer loop
      vertex -66.238 43.8198 0
      vertex -66.1999 43.9211 0
      vertex -64.2533 43.2215 0
    endloop
  endfacet
  facet normal 0.994646 0.10334 0
    outer loop
      vertex -64.3778 34.9261 1
      vertex -64.3778 34.9261 0
      vertex -64.3834 34.98 1
    endloop
  endfacet
  facet normal -0.596799 0.802345 0.00856548
    outer loop
      vertex -58.6506 37.0706 0
      vertex -59.0753 36.7547 0
      vertex -58.9136 36.8643 1
    endloop
  endfacet
  facet normal -0.315098 0.698064 0.642977
    outer loop
      vertex -66.4303 46.3452 1
      vertex -66.3494 46.1975 1.2
      vertex -66.2342 46.2495 1.2
    endloop
  endfacet
  facet normal 0.761453 -0.106799 0.639362
    outer loop
      vertex -55.3931 39.1119 1
      vertex -55.4749 39.726 1.2
      vertex -55.5566 39.1435 1.2
    endloop
  endfacet
  facet normal -0.63435 0.773011 -0.00736187
    outer loop
      vertex -58.6506 37.0706 0
      vertex -58.9136 36.8643 1
      vertex -58.515 37.1914 1
    endloop
  endfacet
  facet normal -0 0 -1
    outer loop
      vertex -64.1966 43.2883 0
      vertex -64.2533 43.2215 0
      vertex -66.1999 43.9211 0
    endloop
  endfacet
  facet normal -6.46507e-13 -1.32909e-12 -1
    outer loop
      vertex -64.8981 42.3815 0
      vertex -65.1351 41.9067 7.84272e-13
      vertex -66.6077 43.2131 0
    endloop
  endfacet
  facet normal 0 0 1
    outer loop
      vertex -58.3347 35.3972 1.2
      vertex -58.4016 37.0678 1.2
      vertex -58.41 35.4325 1.2
    endloop
  endfacet
  facet normal 0 -0 1
    outer loop
      vertex -58.1601 35.2216 1.2
      vertex -56.6149 36.3886 1.2
      vertex -58.2074 35.2904 1.2
    endloop
  endfacet
  facet normal 0 -0 1
    outer loop
      vertex -58.2669 35.3498 1.2
      vertex -56.6149 36.3886 1.2
      vertex -58.3347 35.3972 1.2
    endloop
  endfacet
  facet normal -0 0 1
    outer loop
      vertex -58.817 36.7277 1.2
      vertex -58.4908 35.4539 1.2
      vertex -58.4016 37.0678 1.2
    endloop
  endfacet
  facet normal 0 0 1
    outer loop
      vertex -58.4908 35.4539 1.2
      vertex -58.817 36.7277 1.2
      vertex -58.5735 35.4613 1.2
    endloop
  endfacet
  facet normal -0.431388 0.633494 0.642332
    outer loop
      vertex -66.4303 46.3452 1
      vertex -66.5585 46.2579 1
      vertex -66.3494 46.1975 1.2
    endloop
  endfacet
  facet normal 0.967169 0.254133 0
    outer loop
      vertex -64.3778 34.9261 1
      vertex -64.3639 34.8732 1
      vertex -64.3778 34.9261 0
    endloop
  endfacet
  facet normal -0.694707 0.719255 0.00731627
    outer loop
      vertex -58.2697 37.4385 0
      vertex -58.6506 37.0706 0
      vertex -58.515 37.1914 1
    endloop
  endfacet
  facet normal 0.326182 -0.945307 0
    outer loop
      vertex -58.5122 32.9945 1
      vertex -59.1208 32.7845 1
      vertex -59.1208 32.7845 0
    endloop
  endfacet
  facet normal 0.326182 -0.945307 0
    outer loop
      vertex -58.5122 32.9945 1
      vertex -59.1208 32.7845 0
      vertex -58.5122 32.9945 0
    endloop
  endfacet
  facet normal 0.767361 -0.031894 0.640421
    outer loop
      vertex -55.2835 40.3151 1
      vertex -55.4749 39.726 1.2
      vertex -55.3086 39.7112 1
    endloop
  endfacet
  facet normal 0.246995 -0.969017 0
    outer loop
      vertex -59.7442 32.6256 1
      vertex -59.7442 32.6256 0
      vertex -59.1208 32.7845 0
    endloop
  endfacet
  facet normal 0.246995 -0.969017 0
    outer loop
      vertex -59.7442 32.6256 1
      vertex -59.1208 32.7845 0
      vertex -59.1208 32.7845 1
    endloop
  endfacet
  facet normal 0.683985 -0.350229 0.639925
    outer loop
      vertex -64.8833 42.4057 1
      vertex -65.2717 42.0126 1.2
      vertex -65.1193 41.9448 1
    endloop
  endfacet
  facet normal 0.967169 0.254133 0
    outer loop
      vertex -64.3639 34.8732 1
      vertex -64.3639 34.8732 0
      vertex -64.3778 34.9261 0
    endloop
  endfacet
  facet normal 0.188838 -0.743175 0.641896
    outer loop
      vertex -59.1208 32.7845 1
      vertex -59.1682 32.9452 1.2
      vertex -59.7786 32.7901 1.2
    endloop
  endfacet
  facet normal -0.406136 0.913806 0.00334047
    outer loop
      vertex -66.4303 46.3452 1
      vertex -66.2881 46.4084 1
      vertex -66.3717 46.3749 0
    endloop
  endfacet
  facet normal 0 0 -1
    outer loop
      vertex -66.2612 44.4423 0
      vertex -66.3206 44.5306 0
      vertex -65.307 46.1231 0
    endloop
  endfacet
  facet normal 0 0 -1
    outer loop
      vertex -66.8809 45.692 0
      vertex -66.8465 45.836 0
      vertex -65.307 46.1231 0
    endloop
  endfacet
  facet normal 1.28584e-11 -1.58054e-11 -1
    outer loop
      vertex -66.6923 44.9961 0
      vertex -66.7759 45.1187 -3.0127e-12
      vertex -65.307 46.1231 0
    endloop
  endfacet
  facet normal -0.72394 0.689826 -0.00712632
    outer loop
      vertex -58.515 37.1914 1
      vertex -58.1591 37.5649 1
      vertex -58.2697 37.4385 0
    endloop
  endfacet
  facet normal 0 -0 1
    outer loop
      vertex -58.1034 35.0646 1.2
      vertex -56.6149 36.3886 1.2
      vertex -58.1248 35.1454 1.2
    endloop
  endfacet
  facet normal 0 0 1
    outer loop
      vertex -56.6233 34.5313 1.2
      vertex -58.1034 34.8964 1.2
      vertex -56.6511 34.4198 1.2
    endloop
  endfacet
  facet normal 0 0 1
    outer loop
      vertex -58.2669 34.6121 1.2
      vertex -58.3347 34.5638 1.2
      vertex -57.4437 33.7071 1.2
    endloop
  endfacet
  facet normal -0.93991 -0.341416 -0.00184262
    outer loop
      vertex -57.3499 41.4589 1
      vertex -57.5264 41.9448 1
      vertex -57.5106 41.9067 7.84272e-13
    endloop
  endfacet
  facet normal -0.425599 0.641146 0.63859
    outer loop
      vertex -66.5585 46.2579 1
      vertex -66.4544 46.1278 1.2
      vertex -66.3494 46.1975 1.2
    endloop
  endfacet
  facet normal 0.683442 -0.349077 0.641134
    outer loop
      vertex -65.0273 42.4911 1.2
      vertex -65.2717 42.0126 1.2
      vertex -64.8833 42.4057 1
    endloop
  endfacet
  facet normal 0 -0 -1
    outer loop
      vertex -64.1613 44.6783 0
      vertex -64.1223 44.5919 0
      vertex -66.1738 44.1339 0
    endloop
  endfacet
  facet normal 0.189172 -0.742164 0.642967
    outer loop
      vertex -59.1208 32.7845 1
      vertex -59.7786 32.7901 1.2
      vertex -59.7442 32.6256 1
    endloop
  endfacet
  facet normal -0.535335 0.553048 0.6384
    outer loop
      vertex -66.5585 46.2579 1
      vertex -66.6709 46.1491 1
      vertex -66.4544 46.1278 1.2
    endloop
  endfacet
  facet normal 0.250146 -0.724946 0.641779
    outer loop
      vertex -59.1208 32.7845 1
      vertex -58.5122 32.9945 1
      vertex -59.1682 32.9452 1.2
    endloop
  endfacet
  facet normal 0.743752 0.195428 0.63925
    outer loop
      vertex -64.5209 34.8165 1.2
      vertex -64.3639 34.8732 1
      vertex -64.3778 34.9261 1
    endloop
  endfacet
  facet normal -0.865363 0.501146 0
    outer loop
      vertex -66.2918 43.7269 1
      vertex -66.238 43.8198 0
      vertex -66.2918 43.7269 0
    endloop
  endfacet
  facet normal -0.126854 0.991884 0.0085748
    outer loop
      vertex -60.5359 36.1619 0
      vertex -61.059 36.095 0
      vertex -60.81 36.1182 1
    endloop
  endfacet
  facet normal 0.250244 -0.724538 0.642202
    outer loop
      vertex -58.5735 33.1506 1.2
      vertex -59.1682 32.9452 1.2
      vertex -58.5122 32.9945 1
    endloop
  endfacet
  facet normal 0.107671 0.994183 0.00250403
    outer loop
      vertex -65.9824 46.4567 1
      vertex -65.8282 46.44 1
      vertex -65.9416 46.4548 0
    endloop
  endfacet
  facet normal 0 -0 -1
    outer loop
      vertex -64.2143 44.7564 0
      vertex -64.1613 44.6783 0
      vertex -66.1738 44.1339 0
    endloop
  endfacet
  facet normal -0.186327 0.982454 -0.00813912
    outer loop
      vertex -60.5359 36.1619 0
      vertex -60.81 36.1182 1
      vertex -60.3054 36.2139 1
    endloop
  endfacet
  facet normal -0.996333 -0.0854536 0.00435419
    outer loop
      vertex -57.2235 40.8856 0
      vertex -57.178 40.3551 0
      vertex -57.1808 40.4387 1
    endloop
  endfacet
  facet normal 0.145337 0.989381 -0.00183834
    outer loop
      vertex -65.8282 46.44 1
      vertex -65.7966 46.4335 0
      vertex -65.9416 46.4548 0
    endloop
  endfacet
  facet normal -0.254838 0.966947 0.00845894
    outer loop
      vertex -60.0248 36.2966 0
      vertex -60.5359 36.1619 0
      vertex -60.3054 36.2139 1
    endloop
  endfacet
  facet normal 0 0 -1
    outer loop
      vertex -66.6923 44.9961 0
      vertex -65.307 46.1231 0
      vertex -66.3206 44.5306 0
    endloop
  endfacet
  facet normal -0.994595 -0.10376 -0.00390129
    outer loop
      vertex -57.2235 40.8856 0
      vertex -57.1808 40.4387 1
      vertex -57.2346 40.9544 1
    endloop
  endfacet
  facet normal 0.276598 0.960983 0.0024941
    outer loop
      vertex -65.8282 46.44 1
      vertex -65.6795 46.3972 1
      vertex -65.7966 46.4335 0
    endloop
  endfacet
  facet normal -0.725993 -0.687702 -0.000262817
    outer loop
      vertex -60.5098 32.5606 1
      vertex -60.6427 32.7009 1
      vertex -60.5191 32.5708 -6.97279e-12
    endloop
  endfacet
  facet normal 0.700379 0.316805 0.639612
    outer loop
      vertex -64.3416 34.8239 1
      vertex -64.3639 34.8732 1
      vertex -64.5209 34.8165 1.2
    endloop
  endfacet
  facet normal -0.764821 -0.0797893 0.639283
    outer loop
      vertex -57.0144 40.4461 1.2
      vertex -57.2346 40.9544 1
      vertex -57.1808 40.4387 1
    endloop
  endfacet
  facet normal -0.374738 0.927092 0.00851012
    outer loop
      vertex -59.5352 36.4945 0
      vertex -60.0248 36.2966 0
      vertex -59.8158 36.3719 1
    endloop
  endfacet
  facet normal 0 -0 -1
    outer loop
      vertex -65.307 46.1231 0
      vertex -64.2143 44.7564 0
      vertex -66.2612 44.4423 0
    endloop
  endfacet
  facet normal 0 0 -1
    outer loop
      vertex -66.2157 44.3448 0
      vertex -66.2612 44.4423 0
      vertex -64.2143 44.7564 0
    endloop
  endfacet
  facet normal -0 0 1
    outer loop
      vertex -58.41 34.5285 1.2
      vertex -57.9975 33.4051 1.2
      vertex -58.3347 34.5638 1.2
    endloop
  endfacet
  facet normal -0.424574 0.905357 -0.00813883
    outer loop
      vertex -59.5352 36.4945 0
      vertex -59.8158 36.3719 1
      vertex -59.3503 36.5902 1
    endloop
  endfacet
  facet normal 0.314603 0.94922 -0.00238327
    outer loop
      vertex -65.6795 46.3972 1
      vertex -65.6563 46.387 0
      vertex -65.7966 46.4335 0
    endloop
  endfacet
  facet normal -0.851869 0.523755 0
    outer loop
      vertex -66.6077 43.2131 0
      vertex -66.6077 43.2131 1
      vertex -66.2918 43.7269 0
    endloop
  endfacet
  facet normal 0 0 -1
    outer loop
      vertex -66.1738 44.1339 0
      vertex -66.1869 44.2407 0
      vertex -64.2143 44.7564 0
    endloop
  endfacet
  facet normal 0 0 -1
    outer loop
      vertex -66.1869 44.2407 0
      vertex -66.2157 44.3448 0
      vertex -64.2143 44.7564 0
    endloop
  endfacet
  facet normal 0 0 -1
    outer loop
      vertex -66.1785 44.0261 0
      vertex -66.1738 44.1339 0
      vertex -64.0907 43.6173 0
    endloop
  endfacet
  facet normal -0.724986 -0.688764 0
    outer loop
      vertex -60.6427 32.7009 0
      vertex -60.5191 32.5708 -6.97279e-12
      vertex -60.6427 32.7009 1
    endloop
  endfacet
  facet normal -0.49241 0.870329 0.00775622
    outer loop
      vertex -59.0753 36.7547 0
      vertex -59.5352 36.4945 0
      vertex -59.3503 36.5902 1
    endloop
  endfacet
  facet normal 0.911124 0.412131 0
    outer loop
      vertex -64.3639 34.8732 1
      vertex -64.3416 34.8239 1
      vertex -64.3416 34.8239 0
    endloop
  endfacet
  facet normal -0.978066 -0.208267 0.00347227
    outer loop
      vertex -57.2346 40.9544 1
      vertex -57.3341 41.405 0
      vertex -57.2235 40.8856 0
    endloop
  endfacet
  facet normal -0.531607 0.846963 -0.00686638
    outer loop
      vertex -59.3503 36.5902 1
      vertex -58.9136 36.8643 1
      vertex -59.0753 36.7547 0
    endloop
  endfacet
  facet normal -0.241977 -0.970282 -0
    outer loop
      vertex -60.4206 32.5206 1
      vertex -60.4615 32.5308 1
      vertex -60.4206 32.5206 0
    endloop
  endfacet
  facet normal 0.0790935 0.763557 0.640878
    outer loop
      vertex -65.8282 46.44 1
      vertex -65.9862 46.2885 1.2
      vertex -65.8607 46.2755 1.2
    endloop
  endfacet
  facet normal 0.815953 0.578119 0
    outer loop
      vertex -64.3416 34.8239 1
      vertex -64.31 34.7793 1
      vertex -64.3416 34.8239 0
    endloop
  endfacet
  facet normal -0.295952 -0.9552 -0.00236142
    outer loop
      vertex -60.4615 32.5308 1
      vertex -60.4745 32.5373 0
      vertex -60.4206 32.5206 0
    endloop
  endfacet
  facet normal -1.0128e-11 1.78113e-11 -1
    outer loop
      vertex -66.8363 45.2535 0
      vertex -65.307 46.1231 0
      vertex -66.7759 45.1187 -3.0127e-12
    endloop
  endfacet
  facet normal 0 0 -1
    outer loop
      vertex -66.8753 45.3966 0
      vertex -65.307 46.1231 0
      vertex -66.8363 45.2535 0
    endloop
  endfacet
  facet normal 0 -0 -1
    outer loop
      vertex -66.0884 46.452 0
      vertex -65.9416 46.4548 0
      vertex -66.7899 45.9726 0
    endloop
  endfacet
  facet normal 0 0 -1
    outer loop
      vertex -66.7899 45.9726 0
      vertex -66.7118 46.098 0
      vertex -66.0884 46.452 0
    endloop
  endfacet
  facet normal 0 -0 -1
    outer loop
      vertex -65.9416 46.4548 0
      vertex -65.7966 46.4335 0
      vertex -66.7899 45.9726 0
    endloop
  endfacet
  facet normal -0.768918 0.0159805 0.639148
    outer loop
      vertex -57.0256 39.9072 1.2
      vertex -57.0144 40.4461 1.2
      vertex -57.1808 40.4387 1
    endloop
  endfacet
  facet normal -0.52508 -0.851052 0.0012942
    outer loop
      vertex -60.4615 32.5308 1
      vertex -60.5098 32.5606 1
      vertex -60.4745 32.5373 0
    endloop
  endfacet
  facet normal 0.0825193 0.761945 0.642363
    outer loop
      vertex -65.8282 46.44 1
      vertex -65.9824 46.4567 1
      vertex -65.9862 46.2885 1.2
    endloop
  endfacet
  facet normal -0.974859 -0.222797 -0.003394
    outer loop
      vertex -57.2346 40.9544 1
      vertex -57.3499 41.4589 1
      vertex -57.3341 41.405 0
    endloop
  endfacet
  facet normal -0.780682 0.624885 0.00735801
    outer loop
      vertex -58.1591 37.5649 1
      vertex -57.938 37.8529 0
      vertex -58.2697 37.4385 0
    endloop
  endfacet
  facet normal -0 0 1
    outer loop
      vertex -58.2669 34.6121 1.2
      vertex -57.4437 33.7071 1.2
      vertex -58.2074 34.6716 1.2
    endloop
  endfacet
  facet normal -0.600572 -0.799567 -0.00257027
    outer loop
      vertex -60.5098 32.5606 1
      vertex -60.5191 32.5708 -6.97279e-12
      vertex -60.4745 32.5373 0
    endloop
  endfacet
  facet normal 0.44747 0.894298 0.00125946
    outer loop
      vertex -65.6795 46.3972 1
      vertex -65.5402 46.3275 1
      vertex -65.6563 46.387 0
    endloop
  endfacet
  facet normal -0.764605 -0.0795839 0.639567
    outer loop
      vertex -57.2346 40.9544 1
      vertex -57.0144 40.4461 1.2
      vertex -57.0702 40.9822 1.2
    endloop
  endfacet
  facet normal -0.408134 0.648835 0.642214
    outer loop
      vertex -58.817 36.7277 1.2
      vertex -59.3503 36.5902 1
      vertex -59.2704 36.4425 1.2
    endloop
  endfacet
  facet normal 0.462146 0.886803 -0.000890416
    outer loop
      vertex -65.5402 46.3275 1
      vertex -65.5262 46.3192 0
      vertex -65.6563 46.387 0
    endloop
  endfacet
  facet normal -0 0 1
    outer loop
      vertex -58.1601 34.7403 1.2
      vertex -56.9169 34.0546 1.2
      vertex -58.1248 34.8165 1.2
    endloop
  endfacet
  facet normal -0 0 1
    outer loop
      vertex -58.1248 34.8165 1.2
      vertex -56.6511 34.4198 1.2
      vertex -58.1034 34.8964 1.2
    endloop
  endfacet
  facet normal -0.943322 -0.331864 0.002983
    outer loop
      vertex -57.3341 41.405 0
      vertex -57.3499 41.4589 1
      vertex -57.5106 41.9067 7.84272e-13
    endloop
  endfacet
  facet normal -0.408014 0.650054 0.641057
    outer loop
      vertex -58.817 36.7277 1.2
      vertex -58.9136 36.8643 1
      vertex -59.3503 36.5902 1
    endloop
  endfacet
  facet normal -0 0 -1
    outer loop
      vertex -64.0907 43.6173 0
      vertex -64.0982 43.5299 0
      vertex -66.1999 43.9211 0
    endloop
  endfacet
  facet normal 0 0 -1
    outer loop
      vertex -66.1999 43.9211 0
      vertex -66.1785 44.0261 0
      vertex -64.0907 43.6173 0
    endloop
  endfacet
  facet normal -0 0 -1
    outer loop
      vertex -64.1177 43.4444 0
      vertex -64.1511 43.3627 0
      vertex -66.1999 43.9211 0
    endloop
  endfacet
  facet normal -0 0 -1
    outer loop
      vertex -64.1511 43.3627 0
      vertex -64.1966 43.2883 0
      vertex -66.1999 43.9211 0
    endloop
  endfacet
  facet normal 3.71831e-13 -1.81196e-13 -1
    outer loop
      vertex -66.8726 42.6695 0
      vertex -66.6077 43.2131 0
      vertex -65.1351 41.9067 7.84272e-13
    endloop
  endfacet
  facet normal 0 0 -1
    outer loop
      vertex -67.2331 41.5174 0
      vertex -67.0807 42.1018 0
      vertex -65.3116 41.405 0
    endloop
  endfacet
  facet normal 0.34345 0.686407 0.641006
    outer loop
      vertex -65.6795 46.3972 1
      vertex -65.739 46.2402 1.2
      vertex -65.5402 46.3275 1
    endloop
  endfacet
  facet normal -0.722344 -0.262982 0.639577
    outer loop
      vertex -57.19 41.5072 1.2
      vertex -57.374 42.0126 1.2
      vertex -57.5264 41.9448 1
    endloop
  endfacet
  facet normal 0.343286 0.686573 0.640915
    outer loop
      vertex -65.6256 46.1835 1.2
      vertex -65.5402 46.3275 1
      vertex -65.739 46.2402 1.2
    endloop
  endfacet
  facet normal -0.608432 -0.793606 0
    outer loop
      vertex -60.6427 32.7009 0
      vertex -60.6427 32.7009 1
      vertex -60.7747 32.8021 1
    endloop
  endfacet
  facet normal -0.608432 -0.793606 0
    outer loop
      vertex -60.6427 32.7009 0
      vertex -60.7747 32.8021 1
      vertex -60.7747 32.8021 0
    endloop
  endfacet
  facet normal -0 0 -1
    outer loop
      vertex -64.0982 43.5299 0
      vertex -64.1177 43.4444 0
      vertex -66.1999 43.9211 0
    endloop
  endfacet
  facet normal 0.212141 0.737042 0.64169
    outer loop
      vertex -65.6795 46.3972 1
      vertex -65.8282 46.44 1
      vertex -65.739 46.2402 1.2
    endloop
  endfacet
  facet normal -0.898945 0.438062 0
    outer loop
      vertex -66.6077 43.2131 0
      vertex -66.8726 42.6695 0
      vertex -66.6077 43.2131 1
    endloop
  endfacet
  facet normal -0.898945 0.438062 0
    outer loop
      vertex -66.8726 42.6695 1
      vertex -66.6077 43.2131 1
      vertex -66.8726 42.6695 0
    endloop
  endfacet
  facet normal 0 0 1
    outer loop
      vertex -56.6511 34.4198 1.2
      vertex -58.1248 34.8165 1.2
      vertex -56.6948 34.3138 1.2
    endloop
  endfacet
  facet normal -0 0 1
    outer loop
      vertex -58.2074 34.6716 1.2
      vertex -56.9169 34.0546 1.2
      vertex -58.1601 34.7403 1.2
    endloop
  endfacet
  facet normal 0 -0 1
    outer loop
      vertex -57.9975 33.4051 1.2
      vertex -57.4437 33.7071 1.2
      vertex -58.3347 34.5638 1.2
    endloop
  endfacet
  facet normal -0 0 1
    outer loop
      vertex -58.4908 34.5071 1.2
      vertex -57.9975 33.4051 1.2
      vertex -58.41 34.5285 1.2
    endloop
  endfacet
  facet normal 0.911124 -0.412131 0
    outer loop
      vertex -64.3416 35.1371 0
      vertex -64.3416 35.1371 1
      vertex -64.3639 35.0878 0
    endloop
  endfacet
  facet normal 0.21381 0.73713 0.641034
    outer loop
      vertex -65.739 46.2402 1.2
      vertex -65.8282 46.44 1
      vertex -65.8607 46.2755 1.2
    endloop
  endfacet
  facet normal 0 0 -1
    outer loop
      vertex -65.4222 40.8856 0
      vertex -67.2331 41.5174 0
      vertex -65.3116 41.405 0
    endloop
  endfacet
  facet normal 0 0 1
    outer loop
      vertex -56.6948 34.3138 1.2
      vertex -58.1248 34.8165 1.2
      vertex -56.7543 34.2154 1.2
    endloop
  endfacet
  facet normal 0 0 1
    outer loop
      vertex -56.7543 34.2154 1.2
      vertex -58.1248 34.8165 1.2
      vertex -56.8295 34.1289 1.2
    endloop
  endfacet
  facet normal 0 -0 1
    outer loop
      vertex -56.6233 34.5313 1.2
      vertex -56.6149 34.6465 1.2
      vertex -58.1034 34.8964 1.2
    endloop
  endfacet
  facet normal -0.749289 -0.171245 0.639719
    outer loop
      vertex -57.3499 41.4589 1
      vertex -57.2346 40.9544 1
      vertex -57.0702 40.9822 1.2
    endloop
  endfacet
  facet normal -0.491451 0.8709 -0.0029333
    outer loop
      vertex -66.5 46.3025 0
      vertex -66.4303 46.3452 1
      vertex -66.3717 46.3749 0
    endloop
  endfacet
  facet normal -0.851869 0.523755 0
    outer loop
      vertex -66.2918 43.7269 1
      vertex -66.2918 43.7269 0
      vertex -66.6077 43.2131 1
    endloop
  endfacet
  facet normal -0.721855 -0.262209 0.640447
    outer loop
      vertex -57.19 41.5072 1.2
      vertex -57.5264 41.9448 1
      vertex -57.3499 41.4589 1
    endloop
  endfacet
  facet normal 0.994838 -0.101477 0
    outer loop
      vertex -64.3778 35.0349 0
      vertex -64.3778 35.0349 1
      vertex -64.3834 34.98 1
    endloop
  endfacet
  facet normal -0.938907 0.344172 0
    outer loop
      vertex -67.0807 42.1018 1
      vertex -66.8726 42.6695 1
      vertex -67.0807 42.1018 0
    endloop
  endfacet
  facet normal -0.938907 0.344172 0
    outer loop
      vertex -66.8726 42.6695 0
      vertex -67.0807 42.1018 0
      vertex -66.8726 42.6695 1
    endloop
  endfacet
  facet normal -0.803661 0.595054 -0.00631401
    outer loop
      vertex -58.1591 37.5649 1
      vertex -57.8516 37.9802 1
      vertex -57.938 37.8529 0
    endloop
  endfacet
  facet normal -0.749021 -0.17092 0.64012
    outer loop
      vertex -57.0702 40.9822 1.2
      vertex -57.19 41.5072 1.2
      vertex -57.3499 41.4589 1
    endloop
  endfacet
  facet normal 0 0 1
    outer loop
      vertex -58.096 34.98 1.2
      vertex -58.1034 34.8964 1.2
      vertex -56.6149 34.6465 1.2
    endloop
  endfacet
  facet normal -0.653477 0.401778 0.641516
    outer loop
      vertex -66.1543 43.6312 1.2
      vertex -66.2918 43.7269 1
      vertex -66.6077 43.2131 1
    endloop
  endfacet
  facet normal -0.340978 0.940067 -0.00298648
    outer loop
      vertex -66.2881 46.4084 1
      vertex -66.2333 46.4251 0
      vertex -66.3717 46.3749 0
    endloop
  endfacet
  facet normal 0 0 -1
    outer loop
      vertex -67.3371 39.7112 0
      vertex -67.3622 40.3151 0
      vertex -65.4677 40.3551 0
    endloop
  endfacet
  facet normal 0 0 -1
    outer loop
      vertex -67.3622 40.3151 0
      vertex -67.3278 40.9191 0
      vertex -65.4677 40.3551 0
    endloop
  endfacet
  facet normal -0.653674 0.402221 0.641037
    outer loop
      vertex -66.6077 43.2131 1
      vertex -66.4619 43.1313 1.2
      vertex -66.1543 43.6312 1.2
    endloop
  endfacet
  facet normal 0 0 1
    outer loop
      vertex -58.1034 35.0646 1.2
      vertex -58.096 34.98 1.2
      vertex -56.6149 34.6465 1.2
    endloop
  endfacet
  facet normal -0.245413 0.969415 0.00274058
    outer loop
      vertex -66.2881 46.4084 1
      vertex -66.1376 46.4465 1
      vertex -66.2333 46.4251 0
    endloop
  endfacet
  facet normal -0 0 1
    outer loop
      vertex -58.5735 34.4997 1.2
      vertex -58.5735 33.1506 1.2
      vertex -58.4908 34.5071 1.2
    endloop
  endfacet
  facet normal -0.182525 0.983195 -0.00357268
    outer loop
      vertex -66.1376 46.4465 1
      vertex -66.0884 46.452 0
      vertex -66.2333 46.4251 0
    endloop
  endfacet
  facet normal 5.40779e-13 1.37298e-12 -1
    outer loop
      vertex -65.3116 41.405 0
      vertex -67.0807 42.1018 0
      vertex -65.1351 41.9067 7.84272e-13
    endloop
  endfacet
  facet normal 3.88808e-13 -1.42524e-13 -1
    outer loop
      vertex -66.8726 42.6695 0
      vertex -65.1351 41.9067 7.84272e-13
      vertex -67.0807 42.1018 0
    endloop
  endfacet
  facet normal 0 0 -1
    outer loop
      vertex -67.3278 40.9191 0
      vertex -67.2331 41.5174 0
      vertex -65.4222 40.8856 0
    endloop
  endfacet
  facet normal -0 0 -1
    outer loop
      vertex -65.4222 40.8856 0
      vertex -65.4677 40.3551 0
      vertex -67.3278 40.9191 0
    endloop
  endfacet
  facet normal -0.690193 0.336336 0.640712
    outer loop
      vertex -66.8726 42.6695 1
      vertex -66.4619 43.1313 1.2
      vertex -66.6077 43.2131 1
    endloop
  endfacet
  facet normal -0.689844 0.335723 0.641409
    outer loop
      vertex -66.4619 43.1313 1.2
      vertex -66.8726 42.6695 1
      vertex -66.7192 42.6026 1.2
    endloop
  endfacet
  facet normal -0.913136 0.407616 0.00568196
    outer loop
      vertex -57.4446 38.7904 0
      vertex -57.6611 38.3054 0
      vertex -57.5989 38.4308 1
    endloop
  endfacet
  facet normal -0.720602 0.264149 0.64106
    outer loop
      vertex -66.8726 42.6695 1
      vertex -67.0807 42.1018 1
      vertex -66.7192 42.6026 1.2
    endloop
  endfacet
  facet normal -0.06558 0.997845 0.00226161
    outer loop
      vertex -66.1376 46.4465 1
      vertex -65.9824 46.4567 1
      vertex -66.0884 46.452 0
    endloop
  endfacet
  facet normal 0 -0 1
    outer loop
      vertex -56.6149 34.6465 1.2
      vertex -56.6149 36.3886 1.2
      vertex -58.1034 35.0646 1.2
    endloop
  endfacet
  facet normal -0.617232 0.457016 0.640438
    outer loop
      vertex -58.1591 37.5649 1
      vertex -57.7122 37.8882 1.2
      vertex -57.8516 37.9802 1
    endloop
  endfacet
  facet normal 0.164601 -0.98636 0
    outer loop
      vertex -59.7442 32.6256 1
      vertex -60.3788 32.5197 1
      vertex -59.7442 32.6256 0
    endloop
  endfacet
  facet normal -0.721434 0.265316 0.639641
    outer loop
      vertex -66.7192 42.6026 1.2
      vertex -67.0807 42.1018 1
      vertex -66.9218 42.0517 1.2
    endloop
  endfacet
  facet normal 0 0 1
    outer loop
      vertex -60.2646 36.0513 1.2
      vertex -60.7895 35.9519 1.2
      vertex -58.5735 35.4613 1.2
    endloop
  endfacet
  facet normal -0.617097 0.456537 0.64091
    outer loop
      vertex -58.0318 37.4562 1.2
      vertex -57.7122 37.8882 1.2
      vertex -58.1591 37.5649 1
    endloop
  endfacet
  facet normal -0.0215261 -0.999768 0
    outer loop
      vertex -60.3788 32.5197 1
      vertex -60.4206 32.5206 1
      vertex -60.4206 32.5206 0
    endloop
  endfacet
  facet normal -0.0215261 -0.999768 -0
    outer loop
      vertex -60.3788 32.5197 1
      vertex -60.4206 32.5206 0
      vertex -60.3788 32.5197 0
    endloop
  endfacet
  facet normal -0.923831 0.382788 -0.00320311
    outer loop
      vertex -66.8465 45.836 0
      vertex -66.8307 45.8825 1
      vertex -66.7899 45.9726 0
    endloop
  endfacet
  facet normal -0.924683 0.380695 -0.00578067
    outer loop
      vertex -57.4446 38.7904 0
      vertex -57.5989 38.4308 1
      vertex -57.4019 38.9093 1
    endloop
  endfacet
  facet normal -0.898105 0.439771 0.00298065
    outer loop
      vertex -66.8307 45.8825 1
      vertex -66.762 46.0228 1
      vertex -66.7899 45.9726 0
    endloop
  endfacet
  facet normal -0.84883 0.528658 -0.00285624
    outer loop
      vertex -66.762 46.0228 1
      vertex -66.7118 46.098 0
      vertex -66.7899 45.9726 0
    endloop
  endfacet
  facet normal -0.852947 0.521947 0.00725077
    outer loop
      vertex -57.6611 38.3054 0
      vertex -57.938 37.8529 0
      vertex -57.8516 37.9802 1
    endloop
  endfacet
  facet normal 0.565744 0.824581 0
    outer loop
      vertex -64.2273 34.7097 1
      vertex -64.2273 34.7097 0
      vertex -64.2719 34.7403 1
    endloop
  endfacet
  facet normal -0.709852 0.292248 0.640859
    outer loop
      vertex -57.5989 38.4308 1
      vertex -57.2439 38.8545 1.2
      vertex -57.4019 38.9093 1
    endloop
  endfacet
  facet normal 0 0 1
    outer loop
      vertex -58.5735 35.4613 1.2
      vertex -59.2704 36.4425 1.2
      vertex -59.7554 36.2158 1.2
    endloop
  endfacet
  facet normal 0 0 1
    outer loop
      vertex -59.7554 36.2158 1.2
      vertex -60.2646 36.0513 1.2
      vertex -58.5735 35.4613 1.2
    endloop
  endfacet
  facet normal -0.81103 0.584995 0.0032779
    outer loop
      vertex -66.762 46.0228 1
      vertex -66.6709 46.1491 1
      vertex -66.7118 46.098 0
    endloop
  endfacet
  facet normal -0.486395 0.594085 0.640689
    outer loop
      vertex -58.9136 36.8643 1
      vertex -58.817 36.7277 1.2
      vertex -58.4016 37.0678 1.2
    endloop
  endfacet
  facet normal -0.709174 0.291075 0.642143
    outer loop
      vertex -57.4483 38.3565 1.2
      vertex -57.2439 38.8545 1.2
      vertex -57.5989 38.4308 1
    endloop
  endfacet
  facet normal 0 -0 -1
    outer loop
      vertex -65.4677 40.3551 0
      vertex -65.4445 39.8236 0
      vertex -67.3371 39.7112 0
    endloop
  endfacet
  facet normal 0 -0 -1
    outer loop
      vertex -65.4445 39.8236 0
      vertex -65.3562 39.2986 0
      vertex -67.2526 39.1119 0
    endloop
  endfacet
  facet normal 0 0 -1
    outer loop
      vertex -67.1104 38.5247 0
      vertex -67.2526 39.1119 0
      vertex -65.3562 39.2986 0
    endloop
  endfacet
  facet normal 0 0 -1
    outer loop
      vertex -67.1104 38.5247 0
      vertex -65.3562 39.2986 0
      vertex -65.201 38.7904 0
    endloop
  endfacet
  facet normal -0 0 -1
    outer loop
      vertex -64.9846 38.3054 0
      vertex -66.9097 37.9533 0
      vertex -65.201 38.7904 0
    endloop
  endfacet
  facet normal -0.557317 -0.527332 0.641341
    outer loop
      vertex -60.6427 32.7009 1
      vertex -60.3993 32.6869 1.2
      vertex -60.5312 32.8263 1.2
    endloop
  endfacet
  facet normal -0.752783 0.658263 -0.00284842
    outer loop
      vertex -66.6709 46.1491 1
      vertex -66.6143 46.2095 0
      vertex -66.7118 46.098 0
    endloop
  endfacet
  facet normal 0.434488 0.900677 -0
    outer loop
      vertex -64.179 34.6864 0
      vertex -64.2273 34.7097 0
      vertex -64.179 34.6864 1
    endloop
  endfacet
  facet normal 0.93991 -0.341416 -0.00184262
    outer loop
      vertex -65.1351 41.9067 7.84272e-13
      vertex -65.1193 41.9448 1
      vertex -65.2958 41.4589 1
    endloop
  endfacet
  facet normal -0.555505 0.529328 0.641269
    outer loop
      vertex -58.0318 37.4562 1.2
      vertex -58.1591 37.5649 1
      vertex -58.515 37.1914 1
    endloop
  endfacet
  facet normal -0.986133 0.165858 0.00566978
    outer loop
      vertex -57.2012 39.8236 0
      vertex -57.2895 39.2986 0
      vertex -57.2653 39.4083 1
    endloop
  endfacet
  facet normal 0.943322 -0.331864 0.002983
    outer loop
      vertex -65.1351 41.9067 7.84272e-13
      vertex -65.2958 41.4589 1
      vertex -65.3116 41.405 0
    endloop
  endfacet
  facet normal -0.695501 0.718514 0.00403288
    outer loop
      vertex -66.6709 46.1491 1
      vertex -66.5585 46.2579 1
      vertex -66.6143 46.2095 0
    endloop
  endfacet
  facet normal 0 0 -1
    outer loop
      vertex -67.3371 39.7112 0
      vertex -65.4445 39.8236 0
      vertex -67.2526 39.1119 0
    endloop
  endfacet
  facet normal -0.557158 -0.527771 0.641118
    outer loop
      vertex -60.6427 32.7009 1
      vertex -60.5098 32.5606 1
      vertex -60.3993 32.6869 1.2
    endloop
  endfacet
  facet normal -0.631127 0.775676 -0.00232581
    outer loop
      vertex -66.5585 46.2579 1
      vertex -66.5 46.3025 0
      vertex -66.6143 46.2095 0
    endloop
  endfacet
  facet normal -0.0165346 -0.767943 0.640305
    outer loop
      vertex -60.3993 32.6869 1.2
      vertex -60.4206 32.5206 1
      vertex -60.3788 32.5197 1
    endloop
  endfacet
  facet normal -0.95643 0.291897 0.00613295
    outer loop
      vertex -57.2895 39.2986 0
      vertex -57.4446 38.7904 0
      vertex -57.4019 38.9093 1
    endloop
  endfacet
  facet normal 0 0 1
    outer loop
      vertex -56.8295 34.1289 1.2
      vertex -58.1248 34.8165 1.2
      vertex -56.9169 34.0546 1.2
    endloop
  endfacet
  facet normal 0 -0 1
    outer loop
      vertex -57.4437 33.7071 1.2
      vertex -56.9169 34.0546 1.2
      vertex -58.2074 34.6716 1.2
    endloop
  endfacet
  facet normal 0 0 1
    outer loop
      vertex -57.9975 33.4051 1.2
      vertex -58.4908 34.5071 1.2
      vertex -58.5735 33.1506 1.2
    endloop
  endfacet
  facet normal -0.486355 0.592667 0.642032
    outer loop
      vertex -58.4016 37.0678 1.2
      vertex -58.515 37.1914 1
      vertex -58.9136 36.8643 1
    endloop
  endfacet
  facet normal -0.185963 -0.745675 0.639834
    outer loop
      vertex -60.3993 32.6869 1.2
      vertex -60.4615 32.5308 1
      vertex -60.4206 32.5206 1
    endloop
  endfacet
  facet normal -0.404527 -0.655659 0.63755
    outer loop
      vertex -60.3993 32.6869 1.2
      vertex -60.5098 32.5606 1
      vertex -60.4615 32.5308 1
    endloop
  endfacet
  facet normal -0.539234 0.545279 0.641793
    outer loop
      vertex -66.6709 46.1491 1
      vertex -66.5446 46.0386 1.2
      vertex -66.4544 46.1278 1.2
    endloop
  endfacet
  facet normal -0.466615 -0.608629 0.641748
    outer loop
      vertex -60.7747 32.8021 1
      vertex -60.6427 32.7009 1
      vertex -60.5312 32.8263 1.2
    endloop
  endfacet
  facet normal 0 0 -1
    outer loop
      vertex -56.299 36.8866 0
      vertex -57.6611 38.3054 0
      vertex -55.9905 37.406 0
    endloop
  endfacet
  facet normal 0 0 -1
    outer loop
      vertex -55.9905 37.406 0
      vertex -57.6611 38.3054 0
      vertex -55.736 37.9533 0
    endloop
  endfacet
  facet normal -0.620174 0.456332 0.638079
    outer loop
      vertex -66.762 46.0228 1
      vertex -66.6198 45.9364 1.2
      vertex -66.5446 46.0386 1.2
    endloop
  endfacet
  facet normal 0.97448 -0.224449 -0.00329898
    outer loop
      vertex -65.412 40.9544 1
      vertex -65.3116 41.405 0
      vertex -65.2958 41.4589 1
    endloop
  endfacet
  facet normal 0 0 -1
    outer loop
      vertex -56.3631 36.7723 0
      vertex -57.938 37.8529 0
      vertex -56.299 36.8866 0
    endloop
  endfacet
  facet normal 0 -0 1
    outer loop
      vertex -58.5735 33.1506 1.2
      vertex -58.5735 34.4997 1.2
      vertex -59.1682 32.9452 1.2
    endloop
  endfacet
  facet normal 0 0 1
    outer loop
      vertex -59.7786 32.7901 1.2
      vertex -59.1682 32.9452 1.2
      vertex -58.5735 34.4997 1.2
    endloop
  endfacet
  facet normal -0.464627 -0.612229 0.639763
    outer loop
      vertex -60.7747 32.8021 1
      vertex -60.5312 32.8263 1.2
      vertex -60.6855 32.9434 1.2
    endloop
  endfacet
  facet normal -0.964498 0.264029 -0.00562312
    outer loop
      vertex -57.2895 39.2986 0
      vertex -57.4019 38.9093 1
      vertex -57.2653 39.4083 1
    endloop
  endfacet
  facet normal -0.872184 0.489127 -0.00708675
    outer loop
      vertex -57.6611 38.3054 0
      vertex -57.8516 37.9802 1
      vertex -57.5989 38.4308 1
    endloop
  endfacet
  facet normal 0 0 -1
    outer loop
      vertex -56.4384 36.5205 0
      vertex -58.2697 37.4385 0
      vertex -56.4096 36.6488 0
    endloop
  endfacet
  facet normal 0 0 -1
    outer loop
      vertex -56.4096 36.6488 0
      vertex -58.2697 37.4385 0
      vertex -56.3631 36.7723 0
    endloop
  endfacet
  facet normal -0.622427 0.448956 0.641111
    outer loop
      vertex -66.6709 46.1491 1
      vertex -66.762 46.0228 1
      vertex -66.5446 46.0386 1.2
    endloop
  endfacet
  facet normal -0.669361 0.377203 0.640058
    outer loop
      vertex -57.7122 37.8882 1.2
      vertex -57.4483 38.3565 1.2
      vertex -57.8516 37.9802 1
    endloop
  endfacet
  facet normal -0.692373 0.331951 0.640646
    outer loop
      vertex -66.6198 45.9364 1.2
      vertex -66.8307 45.8825 1
      vertex -66.6746 45.8221 1.2
    endloop
  endfacet
  facet normal -0.691575 0.33864 0.638002
    outer loop
      vertex -66.762 46.0228 1
      vertex -66.8307 45.8825 1
      vertex -66.6198 45.9364 1.2
    endloop
  endfacet
  facet normal -0.740604 0.202738 0.640627
    outer loop
      vertex -57.2439 38.8545 1.2
      vertex -57.2653 39.4083 1
      vertex -57.4019 38.9093 1
    endloop
  endfacet
  facet normal 0 0 -1
    outer loop
      vertex -56.6205 34.1169 0
      vertex -58.2818 34.8732 0
      vertex -56.5462 34.2367 0
    endloop
  endfacet
  facet normal 0.978062 -0.208267 0.00435251
    outer loop
      vertex -65.4222 40.8856 0
      vertex -65.3116 41.405 0
      vertex -65.412 40.9544 1
    endloop
  endfacet
  facet normal 0 -0 1
    outer loop
      vertex -60.3993 32.6869 1.2
      vertex -59.7786 32.7901 1.2
      vertex -60.5312 32.8263 1.2
    endloop
  endfacet
  facet normal -0.555429 0.52883 0.641745
    outer loop
      vertex -58.515 37.1914 1
      vertex -58.4016 37.0678 1.2
      vertex -58.0318 37.4562 1.2
    endloop
  endfacet
  facet normal -0.66835 0.374816 0.642512
    outer loop
      vertex -57.8516 37.9802 1
      vertex -57.4483 38.3565 1.2
      vertex -57.5989 38.4308 1
    endloop
  endfacet
  facet normal 0 0 1
    outer loop
      vertex -58.5735 34.4997 1.2
      vertex -60.5312 32.8263 1.2
      vertex -59.7786 32.7901 1.2
    endloop
  endfacet
  facet normal 0.125944 -0.754715 0.643851
    outer loop
      vertex -60.3788 32.5197 1
      vertex -59.7442 32.6256 1
      vertex -60.3993 32.6869 1.2
    endloop
  endfacet
  facet normal -0.994322 0.106375 0.00300723
    outer loop
      vertex -66.8902 45.5768 1
      vertex -66.8735 45.7329 1
      vertex -66.8809 45.692 0
    endloop
  endfacet
  facet normal 0.164601 -0.98636 0
    outer loop
      vertex -60.3788 32.5197 0
      vertex -59.7442 32.6256 0
      vertex -60.3788 32.5197 1
    endloop
  endfacet
  facet normal -0.989662 0.143365 -0.00389787
    outer loop
      vertex -57.2012 39.8236 0
      vertex -57.2653 39.4083 1
      vertex -57.191 39.9212 1
    endloop
  endfacet
  facet normal -0.972629 0.23235 -0.00230567
    outer loop
      vertex -66.8735 45.7329 1
      vertex -66.8465 45.836 0
      vertex -66.8809 45.692 0
    endloop
  endfacet
  facet normal 0.253685 0.967287 0
    outer loop
      vertex -64.126 34.6725 0
      vertex -64.179 34.6864 0
      vertex -64.179 34.6864 1
    endloop
  endfacet
  facet normal 0.253685 0.967287 -0
    outer loop
      vertex -64.126 34.6725 0
      vertex -64.179 34.6864 1
      vertex -64.126 34.6725 1
    endloop
  endfacet
  facet normal -0.742661 0.201894 0.638509
    outer loop
      vertex -57.2439 38.8545 1.2
      vertex -57.1027 39.3739 1.2
      vertex -57.2653 39.4083 1
    endloop
  endfacet
  facet normal 0 -0 1
    outer loop
      vertex -60.5312 32.8263 1.2
      vertex -58.5735 34.4997 1.2
      vertex -60.6855 32.9434 1.2
    endloop
  endfacet
  facet normal 0 -0 1
    outer loop
      vertex -60.6855 32.9434 1.2
      vertex -58.5735 34.4997 1.2
      vertex -60.8555 33.0335 1.2
    endloop
  endfacet
  facet normal 0.0868689 0.99622 0
    outer loop
      vertex -64.0721 34.6678 0
      vertex -64.126 34.6725 0
      vertex -64.126 34.6725 1
    endloop
  endfacet
  facet normal 0.0868689 0.99622 -0
    outer loop
      vertex -64.0721 34.6678 0
      vertex -64.126 34.6725 1
      vertex -64.0721 34.6678 1
    endloop
  endfacet
  facet normal -0.961424 0.27506 0.00240022
    outer loop
      vertex -66.8735 45.7329 1
      vertex -66.8307 45.8825 1
      vertex -66.8465 45.836 0
    endloop
  endfacet
  facet normal 0.125612 -0.755495 0.643
    outer loop
      vertex -59.7786 32.7901 1.2
      vertex -60.3993 32.6869 1.2
      vertex -59.7442 32.6256 1
    endloop
  endfacet
  facet normal -0.738542 0.211294 0.640243
    outer loop
      vertex -66.6746 45.8221 1.2
      vertex -66.8307 45.8825 1
      vertex -66.8735 45.7329 1
    endloop
  endfacet
  facet normal 0.994775 -0.102043 -0.00312614
    outer loop
      vertex -65.4222 40.8856 0
      vertex -65.412 40.9544 1
      vertex -65.4649 40.4387 1
    endloop
  endfacet
  facet normal -0.73873 0.214881 0.63883
    outer loop
      vertex -66.8735 45.7329 1
      vertex -66.71 45.7004 1.2
      vertex -66.6746 45.8221 1.2
    endloop
  endfacet
  facet normal 0.434488 0.900677 0
    outer loop
      vertex -64.2273 34.7097 1
      vertex -64.179 34.6864 1
      vertex -64.2273 34.7097 0
    endloop
  endfacet
  facet normal -0.999031 0.0436078 0.005934
    outer loop
      vertex -57.191 39.9212 1
      vertex -57.178 40.3551 0
      vertex -57.2012 39.8236 0
    endloop
  endfacet
  facet normal -0.765583 0.0781821 0.638569
    outer loop
      vertex -66.723 45.5731 1.2
      vertex -66.71 45.7004 1.2
      vertex -66.8735 45.7329 1
    endloop
  endfacet
  facet normal -0.999796 0.0197061 -0.00444686
    outer loop
      vertex -57.178 40.3551 0
      vertex -57.191 39.9212 1
      vertex -57.1808 40.4387 1
    endloop
  endfacet
  facet normal 0 -0 -1
    outer loop
      vertex -57.938 37.8529 0
      vertex -56.3631 36.7723 0
      vertex -58.2697 37.4385 0
    endloop
  endfacet
  facet normal -0.761809 0.110358 0.638332
    outer loop
      vertex -57.191 39.9212 1
      vertex -57.2653 39.4083 1
      vertex -57.1027 39.3739 1.2
    endloop
  endfacet
  facet normal -0.762123 0.110181 0.637988
    outer loop
      vertex -57.191 39.9212 1
      vertex -57.1027 39.3739 1.2
      vertex -57.0256 39.9072 1.2
    endloop
  endfacet
  facet normal 0 0 -1
    outer loop
      vertex -56.4477 36.3886 0
      vertex -58.6506 37.0706 0
      vertex -56.4384 36.5205 0
    endloop
  endfacet
  facet normal 0 -0 -1
    outer loop
      vertex -57.6611 38.3054 0
      vertex -56.299 36.8866 0
      vertex -57.938 37.8529 0
    endloop
  endfacet
  facet normal 0.994956 -0.100309 0
    outer loop
      vertex -55.7555 45.5434 1
      vertex -55.7703 45.3966 1
      vertex -55.7703 45.3966 0
    endloop
  endfacet
  facet normal 0.994956 -0.100309 0
    outer loop
      vertex -55.7555 45.5434 1
      vertex -55.7703 45.3966 0
      vertex -55.7555 45.5434 0
    endloop
  endfacet
  facet normal 0.911124 0.412131 0
    outer loop
      vertex -64.3639 34.8732 1
      vertex -64.3416 34.8239 0
      vertex -64.3639 34.8732 0
    endloop
  endfacet
  facet normal -0.443606 -0.626102 0.641256
    outer loop
      vertex -58.3738 35.2207 1
      vertex -58.2669 35.3498 1.2
      vertex -58.4184 35.2523 1
    endloop
  endfacet
  facet normal -0.770005 0.0151769 0.637857
    outer loop
      vertex -57.1808 40.4387 1
      vertex -57.191 39.9212 1
      vertex -57.0256 39.9072 1.2
    endloop
  endfacet
  facet normal 0.964639 -0.263574 0
    outer loop
      vertex -55.7703 45.3966 1
      vertex -55.8094 45.2535 1
      vertex -55.8094 45.2535 0
    endloop
  endfacet
  facet normal 0.964639 -0.263574 0
    outer loop
      vertex -55.7703 45.3966 1
      vertex -55.8094 45.2535 0
      vertex -55.7703 45.3966 0
    endloop
  endfacet
  facet normal 0 -0 -1
    outer loop
      vertex -58.2697 37.4385 0
      vertex -56.4384 36.5205 0
      vertex -58.6506 37.0706 0
    endloop
  endfacet
  facet normal 0 -0 -1
    outer loop
      vertex -57.4446 38.7904 0
      vertex -55.736 37.9533 0
      vertex -57.6611 38.3054 0
    endloop
  endfacet
  facet normal 0 0 -1
    outer loop
      vertex -57.4446 38.7904 0
      vertex -57.2895 39.2986 0
      vertex -55.5353 38.5247 0
    endloop
  endfacet
  facet normal -0.440121 -0.62954 0.640292
    outer loop
      vertex -58.2669 35.3498 1.2
      vertex -58.3347 35.3972 1.2
      vertex -58.4184 35.2523 1
    endloop
  endfacet
  facet normal 0.743135 -0.202092 0.637895
    outer loop
      vertex -55.7703 45.3966 1
      vertex -55.9339 45.4263 1.2
      vertex -55.9655 45.3101 1.2
    endloop
  endfacet
  facet normal 0.743187 -0.203065 0.637525
    outer loop
      vertex -55.9655 45.3101 1.2
      vertex -55.8094 45.2535 1
      vertex -55.7703 45.3966 1
    endloop
  endfacet
  facet normal 0.715312 0.698805 0
    outer loop
      vertex -64.31 34.7793 0
      vertex -64.2719 34.7403 1
      vertex -64.2719 34.7403 0
    endloop
  endfacet
  facet normal -0.321658 -0.696685 0.641223
    outer loop
      vertex -58.41 35.4325 1.2
      vertex -58.4667 35.2746 1
      vertex -58.4184 35.2523 1
    endloop
  endfacet
  facet normal 0.76442 -0.0770669 0.640096
    outer loop
      vertex -55.7555 45.5434 1
      vertex -55.9227 45.5461 1.2
      vertex -55.7703 45.3966 1
    endloop
  endfacet
  facet normal 0.565744 0.824581 0
    outer loop
      vertex -64.2719 34.7403 1
      vertex -64.2273 34.7097 0
      vertex -64.2719 34.7403 0
    endloop
  endfacet
  facet normal 0.996333 -0.0854536 0.00435419
    outer loop
      vertex -65.4677 40.3551 0
      vertex -65.4222 40.8856 0
      vertex -65.4649 40.4387 1
    endloop
  endfacet
  facet normal -0.196396 -0.741532 0.641528
    outer loop
      vertex -58.5196 35.2885 1
      vertex -58.41 35.4325 1.2
      vertex -58.4908 35.4539 1.2
    endloop
  endfacet
  facet normal 0.555577 0.529249 0.641272
    outer loop
      vertex -64.1307 37.1914 1
      vertex -64.4865 37.5649 1
      vertex -64.6138 37.4562 1.2
    endloop
  endfacet
  facet normal 0 0 -1
    outer loop
      vertex -58.6506 37.0706 0
      vertex -56.4477 36.3886 0
      vertex -58.4184 35.2523 0
    endloop
  endfacet
  facet normal -0.19501 -0.742162 0.641222
    outer loop
      vertex -58.4667 35.2746 1
      vertex -58.41 35.4325 1.2
      vertex -58.5196 35.2885 1
    endloop
  endfacet
  facet normal 0 0 -1
    outer loop
      vertex -58.5196 35.2885 0
      vertex -58.6506 37.0706 0
      vertex -58.4667 35.2746 0
    endloop
  endfacet
  facet normal 0 0 -1
    outer loop
      vertex -58.4667 35.2746 0
      vertex -58.6506 37.0706 0
      vertex -58.4184 35.2523 0
    endloop
  endfacet
  facet normal 0.766791 -0.0716867 0.637881
    outer loop
      vertex -55.7703 45.3966 1
      vertex -55.9227 45.5461 1.2
      vertex -55.9339 45.4263 1.2
    endloop
  endfacet
  facet normal 0.722022 -0.26227 0.640234
    outer loop
      vertex -65.4556 41.5072 1.2
      vertex -65.2958 41.4589 1
      vertex -65.1193 41.9448 1
    endloop
  endfacet
  facet normal -0.0683589 -0.763957 0.641636
    outer loop
      vertex -58.5196 35.2885 1
      vertex -58.4908 35.4539 1.2
      vertex -58.5735 35.4613 1.2
    endloop
  endfacet
  facet normal 0 0 -1
    outer loop
      vertex -58.3357 35.1817 0
      vertex -58.3738 35.2207 0
      vertex -56.4477 36.3886 0
    endloop
  endfacet
  facet normal 0 0 -1
    outer loop
      vertex -56.4923 34.3677 0
      vertex -58.2678 34.9261 0
      vertex -56.4588 34.5052 0
    endloop
  endfacet
  facet normal 0.722394 -0.262858 0.639573
    outer loop
      vertex -65.2717 42.0126 1.2
      vertex -65.4556 41.5072 1.2
      vertex -65.1193 41.9448 1
    endloop
  endfacet
  facet normal -0.0666037 -0.763817 0.641988
    outer loop
      vertex -58.5196 35.2885 1
      vertex -58.5735 35.4613 1.2
      vertex -58.5735 35.2932 1
    endloop
  endfacet
  facet normal 0 0 -1
    outer loop
      vertex -59.0753 36.7547 0
      vertex -58.6506 37.0706 0
      vertex -58.5735 35.2932 0
    endloop
  endfacet
  facet normal 0 0 -1
    outer loop
      vertex -58.5196 35.2885 0
      vertex -58.5735 35.2932 0
      vertex -58.6506 37.0706 0
    endloop
  endfacet
  facet normal 0 0 -1
    outer loop
      vertex -56.4477 34.6465 0
      vertex -58.2678 35.0349 0
      vertex -56.4477 36.3886 0
    endloop
  endfacet
  facet normal 0 0 -1
    outer loop
      vertex -56.4588 34.5052 0
      vertex -58.2678 34.9261 0
      vertex -56.4477 34.6465 0
    endloop
  endfacet
  facet normal 0.827458 0.561527 0
    outer loop
      vertex -64.1613 44.6783 1
      vertex -64.1613 44.6783 0
      vertex -64.2143 44.7564 1
    endloop
  endfacet
  facet normal 0.827458 0.561527 0
    outer loop
      vertex -64.2143 44.7564 1
      vertex -64.1613 44.6783 0
      vertex -64.2143 44.7564 0
    endloop
  endfacet
  facet normal 0.911447 0.411417 0
    outer loop
      vertex -64.1613 44.6783 1
      vertex -64.1223 44.5919 1
      vertex -64.1613 44.6783 0
    endloop
  endfacet
  facet normal 0.748495 0.172582 0.64029
    outer loop
      vertex -55.7648 45.692 1
      vertex -55.9571 45.784 1.2
      vertex -55.9301 45.6669 1.2
    endloop
  endfacet
  facet normal 0.911447 0.411417 0
    outer loop
      vertex -64.1613 44.6783 0
      vertex -64.1223 44.5919 1
      vertex -64.1223 44.5919 0
    endloop
  endfacet
  facet normal -0.0868689 -0.99622 0
    outer loop
      vertex -58.5196 35.2885 0
      vertex -58.5196 35.2885 1
      vertex -58.5735 35.2932 1
    endloop
  endfacet
  facet normal 0.994838 -0.101477 0
    outer loop
      vertex -64.3834 34.98 0
      vertex -64.3778 35.0349 0
      vertex -64.3834 34.98 1
    endloop
  endfacet
  facet normal 0.969644 0.244519 0
    outer loop
      vertex -64.1223 44.5919 1
      vertex -64.0991 44.4999 1
      vertex -64.0991 44.4999 0
    endloop
  endfacet
  facet normal 0.969644 0.244519 0
    outer loop
      vertex -64.1223 44.5919 1
      vertex -64.0991 44.4999 0
      vertex -64.1223 44.5919 0
    endloop
  endfacet
  facet normal 0 0 -1
    outer loop
      vertex -58.2818 35.0878 0
      vertex -56.4477 36.3886 0
      vertex -58.2678 35.0349 0
    endloop
  endfacet
  facet normal 0.555528 0.528925 0.641582
    outer loop
      vertex -64.1307 37.1914 1
      vertex -64.6138 37.4562 1.2
      vertex -64.244 37.0678 1.2
    endloop
  endfacet
  facet normal 0.912832 -0.408336 0
    outer loop
      vertex -55.8697 45.1187 0
      vertex -55.8094 45.2535 0
      vertex -55.8697 45.1187 1
    endloop
  endfacet
  facet normal 0.912832 -0.408336 0
    outer loop
      vertex -55.8094 45.2535 1
      vertex -55.8697 45.1187 1
      vertex -55.8094 45.2535 0
    endloop
  endfacet
  facet normal 0.996089 0.0883543 0
    outer loop
      vertex -64.0991 44.4999 1
      vertex -64.0907 44.4052 1
      vertex -64.0907 44.4052 0
    endloop
  endfacet
  facet normal 0 0 1
    outer loop
      vertex -60.7895 35.9519 1.2
      vertex -61.3228 35.9175 1.2
      vertex -58.5735 35.4613 1.2
    endloop
  endfacet
  facet normal 0.994646 0.10334 0
    outer loop
      vertex -64.3834 34.98 1
      vertex -64.3778 34.9261 0
      vertex -64.3834 34.98 0
    endloop
  endfacet
  facet normal 0 0 -1
    outer loop
      vertex -58.3041 35.1371 0
      vertex -56.4477 36.3886 0
      vertex -58.2818 35.0878 0
    endloop
  endfacet
  facet normal 0 0 -1
    outer loop
      vertex -58.2678 35.0349 0
      vertex -56.4477 34.6465 0
      vertex -58.2623 34.98 0
    endloop
  endfacet
  facet normal 0.996089 0.0883543 0
    outer loop
      vertex -64.0991 44.4999 1
      vertex -64.0907 44.4052 0
      vertex -64.0991 44.4999 0
    endloop
  endfacet
  facet normal 0.999796 0.0197061 -0.00444686
    outer loop
      vertex -65.4677 40.3551 0
      vertex -65.4649 40.4387 1
      vertex -65.4547 39.9212 1
    endloop
  endfacet
  facet normal 0 0 -1
    outer loop
      vertex -58.3357 35.1817 0
      vertex -56.4477 36.3886 0
      vertex -58.3041 35.1371 0
    endloop
  endfacet
  facet normal 0 0 1
    outer loop
      vertex -62.3811 36.0513 1.2
      vertex -64.0721 35.4613 1.2
      vertex -61.8562 35.9519 1.2
    endloop
  endfacet
  facet normal 0.748853 -0.172307 0.639945
    outer loop
      vertex -65.2958 41.4589 1
      vertex -65.4556 41.5072 1.2
      vertex -65.5764 40.9822 1.2
    endloop
  endfacet
  facet normal -0.472188 -0.881498 0
    outer loop
      vertex -60.9205 32.8802 0
      vertex -60.7747 32.8021 0
      vertex -60.9205 32.8802 1
    endloop
  endfacet
  facet normal -0.472188 -0.881498 0
    outer loop
      vertex -60.9205 32.8802 1
      vertex -60.7747 32.8021 0
      vertex -60.7747 32.8021 1
    endloop
  endfacet
  facet normal -0 0 -1
    outer loop
      vertex -56.4923 34.3677 0
      vertex -56.5462 34.2367 0
      vertex -58.2818 34.8732 0
    endloop
  endfacet
  facet normal 0 0 -1
    outer loop
      vertex -58.3738 35.2207 0
      vertex -58.4184 35.2523 0
      vertex -56.4477 36.3886 0
    endloop
  endfacet
  facet normal 0.825885 -0.563838 0
    outer loop
      vertex -55.9534 44.9961 1
      vertex -55.9534 44.9961 0
      vertex -55.8697 45.1187 1
    endloop
  endfacet
  facet normal 0.825885 -0.563838 0
    outer loop
      vertex -55.9534 44.9961 0
      vertex -55.8697 45.1187 0
      vertex -55.8697 45.1187 1
    endloop
  endfacet
  facet normal 0.765256 0.0678791 0.640137
    outer loop
      vertex -64.258 44.4052 1.2
      vertex -64.0907 44.4052 1
      vertex -64.0991 44.4999 1
    endloop
  endfacet
  facet normal 0 0 1
    outer loop
      vertex -61.8562 35.9519 1.2
      vertex -64.0721 35.4613 1.2
      vertex -61.3228 35.9175 1.2
    endloop
  endfacet
  facet normal 0 0 1
    outer loop
      vertex -58.5735 35.4613 1.2
      vertex -61.3228 35.9175 1.2
      vertex -64.0721 35.4613 1.2
    endloop
  endfacet
  facet normal -0.314413 -0.949286 0
    outer loop
      vertex -60.9205 32.8802 0
      vertex -60.9205 32.8802 1
      vertex -61.0775 32.9322 1
    endloop
  endfacet
  facet normal -0.314413 -0.949286 0
    outer loop
      vertex -60.9205 32.8802 0
      vertex -61.0775 32.9322 1
      vertex -61.0775 32.9322 0
    endloop
  endfacet
  facet normal 0.766658 0.0630287 0.638954
    outer loop
      vertex -64.0991 44.4999 1
      vertex -64.2635 44.4721 1.2
      vertex -64.258 44.4052 1.2
    endloop
  endfacet
  facet normal 0 -0 1
    outer loop
      vertex -62.2464 32.6869 1.2
      vertex -62.1145 32.8263 1.2
      vertex -62.8671 32.7901 1.2
    endloop
  endfacet
  facet normal -0.362737 -0.677172 0.640203
    outer loop
      vertex -60.9205 32.8802 1
      vertex -60.7747 32.8021 1
      vertex -60.6855 32.9434 1.2
    endloop
  endfacet
  facet normal 0.746017 0.1868 0.639191
    outer loop
      vertex -64.0991 44.4999 1
      vertex -64.2793 44.5352 1.2
      vertex -64.2635 44.4721 1.2
    endloop
  endfacet
  facet normal 0.749028 -0.172522 0.639682
    outer loop
      vertex -65.412 40.9544 1
      vertex -65.2958 41.4589 1
      vertex -65.5764 40.9822 1.2
    endloop
  endfacet
  facet normal 0.600256 -0.480231 0.639587
    outer loop
      vertex -55.9534 44.9961 1
      vertex -56.0825 45.1011 1.2
      vertex -56.4542 44.6365 1.2
    endloop
  endfacet
  facet normal 0.745943 0.188107 0.638894
    outer loop
      vertex -64.1223 44.5919 1
      vertex -64.2793 44.5352 1.2
      vertex -64.0991 44.4999 1
    endloop
  endfacet
  facet normal -0.36044 -0.680075 0.638421
    outer loop
      vertex -60.9205 32.8802 1
      vertex -60.6855 32.9434 1.2
      vertex -60.8555 33.0335 1.2
    endloop
  endfacet
  facet normal 0 0 -1
    outer loop
      vertex -58.3041 34.8239 0
      vertex -58.2818 34.8732 0
      vertex -56.8193 33.918 0
    endloop
  endfacet
  facet normal -0 0 -1
    outer loop
      vertex -56.8193 33.918 0
      vertex -57.3582 33.5631 0
      vertex -58.3357 34.7793 0
    endloop
  endfacet
  facet normal 0.699612 0.315797 0.640949
    outer loop
      vertex -64.1613 44.6783 1
      vertex -64.3072 44.5956 1.2
      vertex -64.1223 44.5919 1
    endloop
  endfacet
  facet normal -0 0 -1
    outer loop
      vertex -56.7125 34.0091 0
      vertex -56.8193 33.918 0
      vertex -58.2818 34.8732 0
    endloop
  endfacet
  facet normal 0.408134 0.648835 0.642214
    outer loop
      vertex -63.8287 36.7277 1.2
      vertex -63.3753 36.4425 1.2
      vertex -63.2954 36.5902 1
    endloop
  endfacet
  facet normal -0.163809 -0.986492 0
    outer loop
      vertex -61.0775 32.9322 0
      vertex -61.0775 32.9322 1
      vertex -61.2401 32.9592 1
    endloop
  endfacet
  facet normal -0.163809 -0.986492 0
    outer loop
      vertex -61.0775 32.9322 0
      vertex -61.2401 32.9592 1
      vertex -61.2401 32.9592 0
    endloop
  endfacet
  facet normal 0 0 -1
    outer loop
      vertex -58.3357 34.7793 0
      vertex -58.3041 34.8239 0
      vertex -56.8193 33.918 0
    endloop
  endfacet
  facet normal 0 -0 -1
    outer loop
      vertex -58.2678 34.9261 0
      vertex -56.4923 34.3677 0
      vertex -58.2818 34.8732 0
    endloop
  endfacet
  facet normal 0 -0 -1
    outer loop
      vertex -58.2623 34.98 0
      vertex -56.4477 34.6465 0
      vertex -58.2678 34.9261 0
    endloop
  endfacet
  facet normal 0 0 -1
    outer loop
      vertex -56.7125 34.0091 0
      vertex -58.2818 34.8732 0
      vertex -56.6205 34.1169 0
    endloop
  endfacet
  facet normal 0.698031 0.322435 0.639365
    outer loop
      vertex -64.1223 44.5919 1
      vertex -64.3072 44.5956 1.2
      vertex -64.2793 44.5352 1.2
    endloop
  endfacet
  facet normal 0.408014 0.650054 0.641057
    outer loop
      vertex -63.7321 36.8643 1
      vertex -63.8287 36.7277 1.2
      vertex -63.2954 36.5902 1
    endloop
  endfacet
  facet normal 0.63705 0.432313 0.63818
    outer loop
      vertex -64.2143 44.7564 1
      vertex -64.3434 44.6514 1.2
      vertex -64.1613 44.6783 1
    endloop
  endfacet
  facet normal 0.635777 -0.43405 0.63827
    outer loop
      vertex -55.8697 45.1187 1
      vertex -56.0825 45.1011 1.2
      vertex -55.9534 44.9961 1
    endloop
  endfacet
  facet normal 0.643305 0.417341 0.641861
    outer loop
      vertex -64.3434 44.6514 1.2
      vertex -64.3072 44.5956 1.2
      vertex -64.1613 44.6783 1
    endloop
  endfacet
  facet normal 0 0 -1
    outer loop
      vertex -58.4184 34.7097 0
      vertex -58.3738 34.7403 0
      vertex -57.3582 33.5631 0
    endloop
  endfacet
  facet normal 0 0 -1
    outer loop
      vertex -58.3738 34.7403 0
      vertex -58.3357 34.7793 0
      vertex -57.3582 33.5631 0
    endloop
  endfacet
  facet normal 0.637247 -0.428891 0.640288
    outer loop
      vertex -55.8697 45.1187 1
      vertex -56.0156 45.2005 1.2
      vertex -56.0825 45.1011 1.2
    endloop
  endfacet
  facet normal 0 0 -1
    outer loop
      vertex -58.4667 34.6864 0
      vertex -58.4184 34.7097 0
      vertex -57.9241 33.2537 0
    endloop
  endfacet
  facet normal -0 0 -1
    outer loop
      vertex -57.3582 33.5631 0
      vertex -57.9241 33.2537 0
      vertex -58.4184 34.7097 0
    endloop
  endfacet
  facet normal 0 0 -1
    outer loop
      vertex -58.5735 34.6678 0
      vertex -58.5196 34.6725 0
      vertex -58.5122 32.9945 0
    endloop
  endfacet
  facet normal 0.701399 -0.313756 0.639997
    outer loop
      vertex -56.0156 45.2005 1.2
      vertex -55.8697 45.1187 1
      vertex -55.8094 45.2535 1
    endloop
  endfacet
  facet normal 0.752337 -0.658779 0
    outer loop
      vertex -64.2533 43.2215 0
      vertex -64.2533 43.2215 1
      vertex -64.5934 42.8331 1
    endloop
  endfacet
  facet normal 0 -1 0
    outer loop
      vertex -61.2401 32.9592 0
      vertex -61.2401 32.9592 1
      vertex -61.4055 32.9592 1
    endloop
  endfacet
  facet normal 0 -1 0
    outer loop
      vertex -61.2401 32.9592 0
      vertex -61.4055 32.9592 1
      vertex -61.4055 32.9592 0
    endloop
  endfacet
  facet normal 0.700688 -0.320296 0.637531
    outer loop
      vertex -56.0156 45.2005 1.2
      vertex -55.8094 45.2535 1
      vertex -55.9655 45.3101 1.2
    endloop
  endfacet
  facet normal 0.325389 0.693856 0.642406
    outer loop
      vertex -62.8299 36.3719 1
      vertex -63.2954 36.5902 1
      vertex -63.3753 36.4425 1.2
    endloop
  endfacet
  facet normal 0 -0 -1
    outer loop
      vertex -60.5359 36.1619 0
      vertex -58.5735 35.2932 0
      vertex -61.059 36.095 0
    endloop
  endfacet
  facet normal 0 0 -1
    outer loop
      vertex -60.5359 36.1619 0
      vertex -60.0248 36.2966 0
      vertex -58.5735 35.2932 0
    endloop
  endfacet
  facet normal 0 0 -1
    outer loop
      vertex -60.0248 36.2966 0
      vertex -59.5352 36.4945 0
      vertex -58.5735 35.2932 0
    endloop
  endfacet
  facet normal 0 -0 -1
    outer loop
      vertex -59.0753 36.7547 0
      vertex -58.5735 35.2932 0
      vertex -59.5352 36.4945 0
    endloop
  endfacet
  facet normal 0.325043 0.695393 0.640917
    outer loop
      vertex -63.3753 36.4425 1.2
      vertex -62.8903 36.2158 1.2
      vertex -62.8299 36.3719 1
    endloop
  endfacet
  facet normal 0 0 1
    outer loop
      vertex -62.8903 36.2158 1.2
      vertex -64.0721 35.4613 1.2
      vertex -62.3811 36.0513 1.2
    endloop
  endfacet
  facet normal 0.764788 -0.0781764 0.639522
    outer loop
      vertex -65.6312 40.4461 1.2
      vertex -65.412 40.9544 1
      vertex -65.5764 40.9822 1.2
    endloop
  endfacet
  facet normal 0 0 -1
    outer loop
      vertex -64.0721 35.2932 0
      vertex -61.059 36.095 0
      vertex -58.5735 35.2932 0
    endloop
  endfacet
  facet normal 0.770005 0.0151769 0.637857
    outer loop
      vertex -65.4649 40.4387 1
      vertex -65.6201 39.9072 1.2
      vertex -65.4547 39.9212 1
    endloop
  endfacet
  facet normal 0.769106 0.0158417 0.638925
    outer loop
      vertex -65.6312 40.4461 1.2
      vertex -65.6201 39.9072 1.2
      vertex -65.4649 40.4387 1
    endloop
  endfacet
  facet normal 0.75281 -0.658238 0.00037113
    outer loop
      vertex -64.6027 42.8219 0
      vertex -64.2533 43.2215 0
      vertex -64.5934 42.8331 1
    endloop
  endfacet
  facet normal 0.765113 -0.0784845 0.639095
    outer loop
      vertex -65.412 40.9544 1
      vertex -65.6312 40.4461 1.2
      vertex -65.4649 40.4387 1
    endloop
  endfacet
  facet normal 0 0 -1
    outer loop
      vertex -58.5122 32.9945 0
      vertex -58.5196 34.6725 0
      vertex -57.9241 33.2537 0
    endloop
  endfacet
  facet normal 0 0 -1
    outer loop
      vertex -58.5196 34.6725 0
      vertex -58.4667 34.6864 0
      vertex -57.9241 33.2537 0
    endloop
  endfacet
  facet normal 0.163809 -0.986492 0
    outer loop
      vertex -61.4055 32.9592 0
      vertex -61.4055 32.9592 1
      vertex -61.5681 32.9322 1
    endloop
  endfacet
  facet normal 0.163809 -0.986492 0
    outer loop
      vertex -61.4055 32.9592 0
      vertex -61.5681 32.9322 1
      vertex -61.5681 32.9322 0
    endloop
  endfacet
  facet normal -0.542459 -0.543372 0.640691
    outer loop
      vertex -58.2074 35.2904 1.2
      vertex -58.2669 35.3498 1.2
      vertex -58.3738 35.2207 1
    endloop
  endfacet
  facet normal -0.248674 -0.72803 0.638854
    outer loop
      vertex -60.9205 32.8802 1
      vertex -60.8555 33.0335 1.2
      vertex -61.0376 33.0957 1.2
    endloop
  endfacet
  facet normal 0 0 -1
    outer loop
      vertex -59.7442 32.6256 0
      vertex -58.5735 34.6678 0
      vertex -59.1208 32.7845 0
    endloop
  endfacet
  facet normal -0.744429 0.194648 0.6387
    outer loop
      vertex -67.2331 41.5174 1
      vertex -67.0705 41.483 1.2
      vertex -66.9218 42.0517 1.2
    endloop
  endfacet
  facet normal -0.240894 -0.727315 0.642638
    outer loop
      vertex -60.9205 32.8802 1
      vertex -61.0376 33.0957 1.2
      vertex -61.0775 32.9322 1
    endloop
  endfacet
  facet normal -0.578119 -0.815953 0
    outer loop
      vertex -58.4184 35.2523 1
      vertex -58.3738 35.2207 0
      vertex -58.3738 35.2207 1
    endloop
  endfacet
  facet normal 0.974965 -0.22236 0
    outer loop
      vertex -64.0982 43.5299 1
      vertex -64.1177 43.4444 1
      vertex -64.1177 43.4444 0
    endloop
  endfacet
  facet normal 0.974965 -0.22236 0
    outer loop
      vertex -64.0982 43.5299 1
      vertex -64.1177 43.4444 0
      vertex -64.0982 43.5299 0
    endloop
  endfacet
  facet normal 9.36054e-11 -8.35221e-11 -1
    outer loop
      vertex -60.5191 32.5708 -6.97279e-12
      vertex -58.5735 34.6678 0
      vertex -60.4745 32.5373 0
    endloop
  endfacet
  facet normal -2.67704e-11 2.81627e-11 -1
    outer loop
      vertex -60.6427 32.7009 0
      vertex -58.5735 34.6678 0
      vertex -60.5191 32.5708 -6.97279e-12
    endloop
  endfacet
  facet normal -0.122715 -0.757476 0.641226
    outer loop
      vertex -61.0376 33.0957 1.2
      vertex -61.2271 33.1264 1.2
      vertex -61.2401 32.9592 1
    endloop
  endfacet
  facet normal 0 0 -1
    outer loop
      vertex -60.4206 32.5206 0
      vertex -60.4745 32.5373 0
      vertex -58.5735 34.6678 0
    endloop
  endfacet
  facet normal 0 0 -1
    outer loop
      vertex -60.7747 32.8021 0
      vertex -58.5735 34.6678 0
      vertex -60.6427 32.7009 0
    endloop
  endfacet
  facet normal 0 0 -1
    outer loop
      vertex -60.3788 32.5197 0
      vertex -60.4206 32.5206 0
      vertex -58.5735 34.6678 0
    endloop
  endfacet
  facet normal 0.925637 -0.378412 0
    outer loop
      vertex -64.1511 43.3627 0
      vertex -64.1177 43.4444 0
      vertex -64.1511 43.3627 1
    endloop
  endfacet
  facet normal 0.925637 -0.378412 0
    outer loop
      vertex -64.1177 43.4444 1
      vertex -64.1511 43.3627 1
      vertex -64.1177 43.4444 0
    endloop
  endfacet
  facet normal 0.236069 0.730169 0.64119
    outer loop
      vertex -62.8299 36.3719 1
      vertex -62.8903 36.2158 1.2
      vertex -62.3412 36.2139 1
    endloop
  endfacet
  facet normal -0.125482 -0.755683 0.642804
    outer loop
      vertex -61.0775 32.9322 1
      vertex -61.0376 33.0957 1.2
      vertex -61.2401 32.9592 1
    endloop
  endfacet
  facet normal -0.743848 0.193981 0.639579
    outer loop
      vertex -67.0807 42.1018 1
      vertex -67.2331 41.5174 1
      vertex -66.9218 42.0517 1.2
    endloop
  endfacet
  facet normal 0 0 1
    outer loop
      vertex -63.3753 36.4425 1.2
      vertex -64.0721 35.4613 1.2
      vertex -62.8903 36.2158 1.2
    endloop
  endfacet
  facet normal -0 0 -1
    outer loop
      vertex -59.7442 32.6256 0
      vertex -60.3788 32.5197 0
      vertex -58.5735 34.6678 0
    endloop
  endfacet
  facet normal -0 0 -1
    outer loop
      vertex -58.5122 32.9945 0
      vertex -59.1208 32.7845 0
      vertex -58.5735 34.6678 0
    endloop
  endfacet
  facet normal -0.999137 -0.0415273 0
    outer loop
      vertex -67.3371 39.7112 0
      vertex -67.3371 39.7112 1
      vertex -67.3622 40.3151 0
    endloop
  endfacet
  facet normal -0.326035 -0.695479 0.64032
    outer loop
      vertex -58.41 35.4325 1.2
      vertex -58.4184 35.2523 1
      vertex -58.3347 35.3972 1.2
    endloop
  endfacet
  facet normal -0.998382 0.0568615 0
    outer loop
      vertex -67.3622 40.3151 1
      vertex -67.3278 40.9191 1
      vertex -67.3278 40.9191 0
    endloop
  endfacet
  facet normal -0.998382 0.0568615 0
    outer loop
      vertex -67.3622 40.3151 1
      vertex -67.3278 40.9191 0
      vertex -67.3622 40.3151 0
    endloop
  endfacet
  facet normal 0.853112 -0.521728 0
    outer loop
      vertex -64.1966 43.2883 1
      vertex -64.1966 43.2883 0
      vertex -64.1511 43.3627 1
    endloop
  endfacet
  facet normal 0.853112 -0.521728 0
    outer loop
      vertex -64.1511 43.3627 1
      vertex -64.1966 43.2883 0
      vertex -64.1511 43.3627 0
    endloop
  endfacet
  facet normal -0.578119 -0.815953 0
    outer loop
      vertex -58.3738 35.2207 0
      vertex -58.4184 35.2523 1
      vertex -58.4184 35.2523 0
    endloop
  endfacet
  facet normal -0.987704 0.156336 0
    outer loop
      vertex -67.3278 40.9191 1
      vertex -67.2331 41.5174 1
      vertex -67.2331 41.5174 0
    endloop
  endfacet
  facet normal -0.987704 0.156336 0
    outer loop
      vertex -67.3278 40.9191 1
      vertex -67.2331 41.5174 0
      vertex -67.3278 40.9191 0
    endloop
  endfacet
  facet normal 0.314413 -0.949286 0
    outer loop
      vertex -61.5681 32.9322 0
      vertex -61.5681 32.9322 1
      vertex -61.7251 32.8802 1
    endloop
  endfacet
  facet normal 0.314413 -0.949286 0
    outer loop
      vertex -61.5681 32.9322 0
      vertex -61.7251 32.8802 1
      vertex -61.7251 32.8802 0
    endloop
  endfacet
  facet normal 0.76239 -0.647118 0
    outer loop
      vertex -64.1966 43.2883 0
      vertex -64.1966 43.2883 1
      vertex -64.2533 43.2215 1
    endloop
  endfacet
  facet normal -0.419177 -0.907904 0
    outer loop
      vertex -58.4184 35.2523 0
      vertex -58.4184 35.2523 1
      vertex -58.4667 35.2746 1
    endloop
  endfacet
  facet normal -0.419177 -0.907904 0
    outer loop
      vertex -58.4184 35.2523 0
      vertex -58.4667 35.2746 1
      vertex -58.4667 35.2746 0
    endloop
  endfacet
  facet normal -0.967638 0.252341 0
    outer loop
      vertex -67.2331 41.5174 1
      vertex -67.0807 42.1018 1
      vertex -67.2331 41.5174 0
    endloop
  endfacet
  facet normal -0.967638 0.252341 0
    outer loop
      vertex -67.0807 42.1018 0
      vertex -67.2331 41.5174 0
      vertex -67.0807 42.1018 1
    endloop
  endfacet
  facet normal 0.76239 -0.647118 0
    outer loop
      vertex -64.2533 43.2215 1
      vertex -64.2533 43.2215 0
      vertex -64.1966 43.2883 0
    endloop
  endfacet
  facet normal -0.76006 0.120304 0.638621
    outer loop
      vertex -67.3278 40.9191 1
      vertex -67.0705 41.483 1.2
      vertex -67.2331 41.5174 1
    endloop
  endfacet
  facet normal 0.486431 0.592759 0.641889
    outer loop
      vertex -63.7321 36.8643 1
      vertex -64.1307 37.1914 1
      vertex -64.244 37.0678 1.2
    endloop
  endfacet
  facet normal 0 -0.767214 0.641391
    outer loop
      vertex -61.4185 33.1264 1.2
      vertex -61.4055 32.9592 1
      vertex -61.2271 33.1264 1.2
    endloop
  endfacet
  facet normal 0 -0.767214 0.641391
    outer loop
      vertex -61.2401 32.9592 1
      vertex -61.2271 33.1264 1.2
      vertex -61.4055 32.9592 1
    endloop
  endfacet
  facet normal -0.758296 0.118647 0.641023
    outer loop
      vertex -67.3278 40.9191 1
      vertex -67.1615 40.9014 1.2
      vertex -67.0705 41.483 1.2
    endloop
  endfacet
  facet normal 0.58492 -0.496481 0.641385
    outer loop
      vertex -64.1966 43.2883 1
      vertex -64.3323 43.3868 1.2
      vertex -64.2533 43.2215 1
    endloop
  endfacet
  facet normal -0 0 -1
    outer loop
      vertex -63.1105 36.4945 0
      vertex -64.0721 35.2932 0
      vertex -63.5704 36.7547 0
    endloop
  endfacet
  facet normal -0 0 -1
    outer loop
      vertex -64.126 35.2885 0
      vertex -64.179 35.2746 0
      vertex -63.995 37.0706 0
    endloop
  endfacet
  facet normal -0.254133 -0.967169 -0
    outer loop
      vertex -58.5196 35.2885 1
      vertex -58.5196 35.2885 0
      vertex -58.4667 35.2746 1
    endloop
  endfacet
  facet normal -0.254133 -0.967169 0
    outer loop
      vertex -58.4667 35.2746 0
      vertex -58.4667 35.2746 1
      vertex -58.5196 35.2885 0
    endloop
  endfacet
  facet normal -0.768081 0.043745 0.638856
    outer loop
      vertex -67.3622 40.3151 1
      vertex -67.1959 40.3142 1.2
      vertex -67.3278 40.9191 1
    endloop
  endfacet
  facet normal -0.766183 0.0448854 0.641053
    outer loop
      vertex -67.1959 40.3142 1.2
      vertex -67.1615 40.9014 1.2
      vertex -67.3278 40.9191 1
    endloop
  endfacet
  facet normal -0.0868689 -0.99622 0
    outer loop
      vertex -58.5735 35.2932 0
      vertex -58.5196 35.2885 0
      vertex -58.5735 35.2932 1
    endloop
  endfacet
  facet normal -0 0 -1
    outer loop
      vertex -63.5704 36.7547 0
      vertex -64.0721 35.2932 0
      vertex -63.995 37.0706 0
    endloop
  endfacet
  facet normal 0 0 1
    outer loop
      vertex -63.8287 36.7277 1.2
      vertex -64.0721 35.4613 1.2
      vertex -63.3753 36.4425 1.2
    endloop
  endfacet
  facet normal -0.768573 -0.032797 0.638921
    outer loop
      vertex -67.3622 40.3151 1
      vertex -67.1708 39.726 1.2
      vertex -67.1959 40.3142 1.2
    endloop
  endfacet
  facet normal 0 0 1
    outer loop
      vertex -64.1548 35.4539 1.2
      vertex -64.0721 35.4613 1.2
      vertex -63.8287 36.7277 1.2
    endloop
  endfacet
  facet normal 0.724036 0.689725 -0.00717517
    outer loop
      vertex -64.1307 37.1914 1
      vertex -64.376 37.4385 0
      vertex -64.4865 37.5649 1
    endloop
  endfacet
  facet normal 0.989662 0.143365 -0.00389787
    outer loop
      vertex -65.4445 39.8236 0
      vertex -65.4547 39.9212 1
      vertex -65.3804 39.4083 1
    endloop
  endfacet
  facet normal 0.125477 -0.755652 0.642841
    outer loop
      vertex -61.6081 33.0957 1.2
      vertex -61.5681 32.9322 1
      vertex -61.4055 32.9592 1
    endloop
  endfacet
  facet normal 0.719673 0.272029 0.638804
    outer loop
      vertex -56.6056 43.8737 1.2
      vertex -56.5582 43.7483 1.2
      vertex -56.4077 43.8198 1
    endloop
  endfacet
  facet normal -0 0 -1
    outer loop
      vertex -62.6208 36.2966 0
      vertex -64.0721 35.2932 0
      vertex -63.1105 36.4945 0
    endloop
  endfacet
  facet normal 0.122652 -0.757484 0.641229
    outer loop
      vertex -61.6081 33.0957 1.2
      vertex -61.4055 32.9592 1
      vertex -61.4185 33.1264 1.2
    endloop
  endfacet
  facet normal 0.986133 0.165858 0.00566978
    outer loop
      vertex -65.3562 39.2986 0
      vertex -65.4445 39.8236 0
      vertex -65.3804 39.4083 1
    endloop
  endfacet
  facet normal 0.240875 -0.727258 0.642709
    outer loop
      vertex -61.5681 32.9322 1
      vertex -61.6081 33.0957 1.2
      vertex -61.7251 32.8802 1
    endloop
  endfacet
  facet normal 0 0 1
    outer loop
      vertex -63.8287 36.7277 1.2
      vertex -64.244 37.0678 1.2
      vertex -64.1548 35.4539 1.2
    endloop
  endfacet
  facet normal 0.247393 -0.72786 0.639544
    outer loop
      vertex -61.7251 32.8802 1
      vertex -61.6081 33.0957 1.2
      vertex -61.7911 33.0335 1.2
    endloop
  endfacet
  facet normal 0 -0 1
    outer loop
      vertex -64.2357 35.4325 1.2
      vertex -64.1548 35.4539 1.2
      vertex -64.244 37.0678 1.2
    endloop
  endfacet
  facet normal 0.361545 -0.67855 0.639418
    outer loop
      vertex -61.7251 32.8802 1
      vertex -61.7911 33.0335 1.2
      vertex -61.9602 32.9434 1.2
    endloop
  endfacet
  facet normal -0 0 1
    outer loop
      vertex -66.0763 36.698 1.2
      vertex -66.0419 36.5456 1.2
      vertex -64.6138 37.4562 1.2
    endloop
  endfacet
  facet normal 0.964498 0.264029 -0.00562312
    outer loop
      vertex -65.3562 39.2986 0
      vertex -65.3804 39.4083 1
      vertex -65.2438 38.9093 1
    endloop
  endfacet
  facet normal 0.362547 -0.677281 0.640195
    outer loop
      vertex -61.7251 32.8802 1
      vertex -61.9602 32.9434 1.2
      vertex -61.871 32.8021 1
    endloop
  endfacet
  facet normal 0 0 1
    outer loop
      vertex -64.3109 35.3972 1.2
      vertex -64.2357 35.4325 1.2
      vertex -64.244 37.0678 1.2
    endloop
  endfacet
  facet normal 0 -0 -1
    outer loop
      vertex -62.1098 36.1619 0
      vertex -61.5867 36.095 0
      vertex -64.0721 35.2932 0
    endloop
  endfacet
  facet normal 0 0 -1
    outer loop
      vertex -64.0721 35.2932 0
      vertex -61.5867 36.095 0
      vertex -61.059 36.095 0
    endloop
  endfacet
  facet normal 0.829295 -0.558811 0
    outer loop
      vertex -56.325 44.5306 1
      vertex -56.3845 44.4423 1
      vertex -56.3845 44.4423 0
    endloop
  endfacet
  facet normal 0.725264 -0.688471 0
    outer loop
      vertex -62.1265 32.5708 1
      vertex -62.1265 32.5708 0
      vertex -62.003 32.7009 0
    endloop
  endfacet
  facet normal 0.725264 -0.688471 0
    outer loop
      vertex -62.1265 32.5708 1
      vertex -62.003 32.7009 0
      vertex -62.003 32.7009 1
    endloop
  endfacet
  facet normal 0.650215 -0.75975 0
    outer loop
      vertex -62.1265 32.5708 1
      vertex -62.1591 32.5429 1
      vertex -62.1591 32.5429 0
    endloop
  endfacet
  facet normal 0.650215 -0.75975 0
    outer loop
      vertex -62.1265 32.5708 1
      vertex -62.1591 32.5429 0
      vertex -62.1265 32.5708 0
    endloop
  endfacet
  facet normal 0.486467 0.59403 0.640686
    outer loop
      vertex -63.7321 36.8643 1
      vertex -64.244 37.0678 1.2
      vertex -63.8287 36.7277 1.2
    endloop
  endfacet
  facet normal 0 0 1
    outer loop
      vertex -64.3109 34.5638 1.2
      vertex -64.3788 34.6121 1.2
      vertex -65.202 33.7071 1.2
    endloop
  endfacet
  facet normal 0.435655 -0.900114 0
    outer loop
      vertex -62.1591 32.5429 1
      vertex -62.1841 32.5308 1
      vertex -62.1841 32.5308 0
    endloop
  endfacet
  facet normal 0.435655 -0.900114 0
    outer loop
      vertex -62.1591 32.5429 1
      vertex -62.1841 32.5308 0
      vertex -62.1591 32.5429 0
    endloop
  endfacet
  facet normal 0.241977 -0.970282 0
    outer loop
      vertex -62.1841 32.5308 1
      vertex -62.225 32.5206 1
      vertex -62.225 32.5206 0
    endloop
  endfacet
  facet normal 0.241977 -0.970282 0
    outer loop
      vertex -62.1841 32.5308 1
      vertex -62.225 32.5206 0
      vertex -62.1841 32.5308 0
    endloop
  endfacet
  facet normal 0 0 -1
    outer loop
      vertex -64.126 35.2885 0
      vertex -63.995 37.0706 0
      vertex -64.0721 35.2932 0
    endloop
  endfacet
  facet normal 0.956377 0.292069 0.00620587
    outer loop
      vertex -65.201 38.7904 0
      vertex -65.3562 39.2986 0
      vertex -65.2438 38.9093 1
    endloop
  endfacet
  facet normal 0.59983 -0.478833 0.641032
    outer loop
      vertex -56.325 44.5306 1
      vertex -55.9534 44.9961 1
      vertex -56.4542 44.6365 1.2
    endloop
  endfacet
  facet normal 0 0 -1
    outer loop
      vertex -64.2273 35.2523 0
      vertex -66.198 36.3886 0
      vertex -63.995 37.0706 0
    endloop
  endfacet
  facet normal -0 0 -1
    outer loop
      vertex -62.1098 36.1619 0
      vertex -64.0721 35.2932 0
      vertex -62.6208 36.2966 0
    endloop
  endfacet
  facet normal 0 0 -1
    outer loop
      vertex -66.2073 36.5205 0
      vertex -63.995 37.0706 0
      vertex -66.198 36.3886 0
    endloop
  endfacet
  facet normal 0.63435 0.773011 -0.00729844
    outer loop
      vertex -63.995 37.0706 0
      vertex -64.1307 37.1914 1
      vertex -63.7321 36.8643 1
    endloop
  endfacet
  facet normal 0.827584 -0.56134 -0.00140953
    outer loop
      vertex -64.6027 42.8219 0
      vertex -64.5934 42.8331 1
      vertex -64.8833 42.4057 1
    endloop
  endfacet
  facet normal 0.906183 -0.422885 0
    outer loop
      vertex -56.3845 44.4423 1
      vertex -56.43 44.3448 1
      vertex -56.3845 44.4423 0
    endloop
  endfacet
  facet normal 0 0 -1
    outer loop
      vertex -64.2719 35.2207 0
      vertex -66.198 36.3886 0
      vertex -64.2273 35.2523 0
    endloop
  endfacet
  facet normal 0.59689 0.802277 0.00858748
    outer loop
      vertex -63.5704 36.7547 0
      vertex -63.995 37.0706 0
      vertex -63.7321 36.8643 1
    endloop
  endfacet
  facet normal 0 0 1
    outer loop
      vertex -64.5497 34.98 1.2
      vertex -66.0308 34.6465 1.2
      vertex -64.5423 34.8964 1.2
    endloop
  endfacet
  facet normal 0.637433 -0.42991 0.639419
    outer loop
      vertex -56.325 44.5306 1
      vertex -56.4542 44.6365 1.2
      vertex -56.5294 44.525 1.2
    endloop
  endfacet
  facet normal 0.531607 0.846963 -0.00686638
    outer loop
      vertex -63.5704 36.7547 0
      vertex -63.7321 36.8643 1
      vertex -63.2954 36.5902 1
    endloop
  endfacet
  facet normal 0.924683 0.380695 -0.0056882
    outer loop
      vertex -65.201 38.7904 0
      vertex -65.2438 38.9093 1
      vertex -65.0468 38.4308 1
    endloop
  endfacet
  facet normal 0 0 -1
    outer loop
      vertex -64.3416 35.1371 0
      vertex -66.198 36.3886 0
      vertex -64.31 35.1817 0
    endloop
  endfacet
  facet normal 0.637533 -0.429595 0.639531
    outer loop
      vertex -56.325 44.5306 1
      vertex -56.5294 44.525 1.2
      vertex -56.3845 44.4423 1
    endloop
  endfacet
  facet normal 0.58784 -0.49409 0.640562
    outer loop
      vertex -64.2533 43.2215 1
      vertex -64.3323 43.3868 1.2
      vertex -64.3713 43.3404 1.2
    endloop
  endfacet
  facet normal 0.471936 -0.881633 0
    outer loop
      vertex -61.7251 32.8802 0
      vertex -61.7251 32.8802 1
      vertex -61.871 32.8021 1
    endloop
  endfacet
  facet normal 0.57727 -0.505483 0.641286
    outer loop
      vertex -64.5934 42.8331 1
      vertex -64.2533 43.2215 1
      vertex -64.7253 42.9362 1.2
    endloop
  endfacet
  facet normal 0.696959 -0.325247 0.639111
    outer loop
      vertex -56.5861 44.4033 1.2
      vertex -56.43 44.3448 1
      vertex -56.3845 44.4423 1
    endloop
  endfacet
  facet normal 0.471936 -0.881633 0
    outer loop
      vertex -61.7251 32.8802 0
      vertex -61.871 32.8021 1
      vertex -61.871 32.8021 0
    endloop
  endfacet
  facet normal -0 0 1
    outer loop
      vertex -66.0224 34.5313 1.2
      vertex -65.9945 34.4198 1.2
      vertex -64.5423 34.8964 1.2
    endloop
  endfacet
  facet normal 0 0 -1
    outer loop
      vertex -62.9014 32.6256 0
      vertex -63.5249 32.7845 0
      vertex -64.0721 34.6678 0
    endloop
  endfacet
  facet normal 0.913206 0.407459 0.00570601
    outer loop
      vertex -64.9846 38.3054 0
      vertex -65.201 38.7904 0
      vertex -65.0468 38.4308 1
    endloop
  endfacet
  facet normal 0.694613 0.719346 0.00736193
    outer loop
      vertex -64.1307 37.1914 1
      vertex -63.995 37.0706 0
      vertex -64.376 37.4385 0
    endloop
  endfacet
  facet normal -0.63262 0.435559 0.640375
    outer loop
      vertex -58.1601 34.7403 1.2
      vertex -58.3357 34.7793 1
      vertex -58.2074 34.6716 1.2
    endloop
  endfacet
  facet normal 0.608432 -0.793606 0
    outer loop
      vertex -62.003 32.7009 1
      vertex -61.871 32.8021 0
      vertex -61.871 32.8021 1
    endloop
  endfacet
  facet normal 0.49241 0.870329 0.00775622
    outer loop
      vertex -63.1105 36.4945 0
      vertex -63.5704 36.7547 0
      vertex -63.2954 36.5902 1
    endloop
  endfacet
  facet normal 0.608432 -0.793606 0
    outer loop
      vertex -62.003 32.7009 1
      vertex -62.003 32.7009 0
      vertex -61.871 32.8021 0
    endloop
  endfacet
  facet normal 0 0 1
    outer loop
      vertex -64.4382 34.6716 1.2
      vertex -64.4856 34.7403 1.2
      vertex -65.7288 34.0546 1.2
    endloop
  endfacet
  facet normal 0 0 1
    outer loop
      vertex -64.4856 34.7403 1.2
      vertex -64.5209 34.8165 1.2
      vertex -65.7288 34.0546 1.2
    endloop
  endfacet
  facet normal 0.424574 0.905357 -0.00813883
    outer loop
      vertex -63.1105 36.4945 0
      vertex -63.2954 36.5902 1
      vertex -62.8299 36.3719 1
    endloop
  endfacet
  facet normal 0 0 -1
    outer loop
      vertex -64.7216 33.2537 0
      vertex -65.2874 33.5631 0
      vertex -64.2273 34.7097 0
    endloop
  endfacet
  facet normal 0.374672 0.927118 0.00853184
    outer loop
      vertex -62.6208 36.2966 0
      vertex -63.1105 36.4945 0
      vertex -62.8299 36.3719 1
    endloop
  endfacet
  facet normal 0 0 1
    outer loop
      vertex -64.3788 34.6121 1.2
      vertex -64.4382 34.6716 1.2
      vertex -65.202 33.7071 1.2
    endloop
  endfacet
  facet normal -0 0 1
    outer loop
      vertex -65.7288 34.0546 1.2
      vertex -65.202 33.7071 1.2
      vertex -64.4382 34.6716 1.2
    endloop
  endfacet
  facet normal 0.697033 -0.324748 0.639284
    outer loop
      vertex -56.3845 44.4423 1
      vertex -56.5294 44.525 1.2
      vertex -56.5861 44.4033 1.2
    endloop
  endfacet
  facet normal 0.30762 0.951481 -0.00732313
    outer loop
      vertex -62.6208 36.2966 0
      vertex -62.8299 36.3719 1
      vertex -62.3412 36.2139 1
    endloop
  endfacet
  facet normal 0.467707 -0.610052 0.639599
    outer loop
      vertex -61.871 32.8021 1
      vertex -61.9602 32.9434 1.2
      vertex -62.003 32.7009 1
    endloop
  endfacet
  facet normal -0.742692 0.198919 0.639406
    outer loop
      vertex -58.2818 34.8732 1
      vertex -58.1248 34.8165 1.2
      vertex -58.1034 34.8964 1.2
    endloop
  endfacet
  facet normal 0 0 -1
    outer loop
      vertex -64.1335 32.9945 0
      vertex -64.7216 33.2537 0
      vertex -64.126 34.6725 0
    endloop
  endfacet
  facet normal 0 0 -1
    outer loop
      vertex -63.5249 32.7845 0
      vertex -64.1335 32.9945 0
      vertex -64.0721 34.6678 0
    endloop
  endfacet
  facet normal 0.463696 -0.611002 0.641609
    outer loop
      vertex -61.9602 32.9434 1.2
      vertex -62.1145 32.8263 1.2
      vertex -62.003 32.7009 1
    endloop
  endfacet
  facet normal 0.254884 0.966932 0.00869971
    outer loop
      vertex -62.1098 36.1619 0
      vertex -62.6208 36.2966 0
      vertex -62.3412 36.2139 1
    endloop
  endfacet
  facet normal 0.557317 -0.527332 0.641341
    outer loop
      vertex -62.003 32.7009 1
      vertex -62.1145 32.8263 1.2
      vertex -62.2464 32.6869 1.2
    endloop
  endfacet
  facet normal 0.186007 0.982515 -0.0080487
    outer loop
      vertex -62.1098 36.1619 0
      vertex -62.3412 36.2139 1
      vertex -61.8357 36.1182 1
    endloop
  endfacet
  facet normal -0 0 -1
    outer loop
      vertex -64.3416 34.8239 0
      vertex -65.8263 33.918 0
      vertex -64.3639 34.8732 0
    endloop
  endfacet
  facet normal -0 0 -1
    outer loop
      vertex -64.31 34.7793 0
      vertex -65.8263 33.918 0
      vertex -64.3416 34.8239 0
    endloop
  endfacet
  facet normal -0 0 -1
    outer loop
      vertex -64.2719 34.7403 0
      vertex -65.2874 33.5631 0
      vertex -64.31 34.7793 0
    endloop
  endfacet
  facet normal 0.740728 -0.207702 0.638891
    outer loop
      vertex -56.6223 44.2742 1.2
      vertex -56.43 44.3448 1
      vertex -56.5861 44.4033 1.2
    endloop
  endfacet
  facet normal 0 0 1
    outer loop
      vertex -64.5209 35.1454 1.2
      vertex -66.0308 36.3886 1.2
      vertex -64.5423 35.0646 1.2
    endloop
  endfacet
  facet normal 0.556856 -0.528607 0.640692
    outer loop
      vertex -62.2464 32.6869 1.2
      vertex -62.1265 32.5708 1
      vertex -62.003 32.7009 1
    endloop
  endfacet
  facet normal 0 0 -1
    outer loop
      vertex -66.198 36.3886 0
      vertex -64.2719 35.2207 0
      vertex -64.31 35.1817 0
    endloop
  endfacet
  facet normal -0.767139 0.0679047 0.637876
    outer loop
      vertex -58.2623 34.98 1
      vertex -58.1034 34.8964 1.2
      vertex -58.096 34.98 1.2
    endloop
  endfacet
  facet normal -0 0 1
    outer loop
      vertex -65.8161 34.1289 1.2
      vertex -65.7288 34.0546 1.2
      vertex -64.5209 34.8165 1.2
    endloop
  endfacet
  facet normal 0 0 1
    outer loop
      vertex -64.5209 34.8165 1.2
      vertex -64.5423 34.8964 1.2
      vertex -65.9945 34.4198 1.2
    endloop
  endfacet
  facet normal 0 0 1
    outer loop
      vertex -64.5423 35.0646 1.2
      vertex -66.0308 34.6465 1.2
      vertex -64.5497 34.98 1.2
    endloop
  endfacet
  facet normal -0 0 1
    outer loop
      vertex -65.9945 34.4198 1.2
      vertex -65.9509 34.3138 1.2
      vertex -64.5209 34.8165 1.2
    endloop
  endfacet
  facet normal 0 0 -1
    outer loop
      vertex -66.1869 34.5052 0
      vertex -66.198 34.6465 0
      vertex -64.3778 34.9261 0
    endloop
  endfacet
  facet normal 0 0.999957 0.0092996
    outer loop
      vertex -61.059 36.095 0
      vertex -61.5867 36.095 0
      vertex -61.3228 36.0857 1
    endloop
  endfacet
  facet normal 0 -0 -1
    outer loop
      vertex -64.3778 34.9261 0
      vertex -64.3639 34.8732 0
      vertex -66.1534 34.3677 0
    endloop
  endfacet
  facet normal -0 0 -1
    outer loop
      vertex -64.3416 35.1371 0
      vertex -64.3639 35.0878 0
      vertex -66.198 36.3886 0
    endloop
  endfacet
  facet normal 0.763608 -0.0901719 0.639353
    outer loop
      vertex -56.4588 44.2407 1
      vertex -56.6223 44.2742 1.2
      vertex -56.6381 44.1404 1.2
    endloop
  endfacet
  facet normal -0.0632489 0.99797 -0.00740394
    outer loop
      vertex -61.059 36.095 0
      vertex -61.3228 36.0857 1
      vertex -60.81 36.1182 1
    endloop
  endfacet
  facet normal -0.0666037 0.763817 0.641988
    outer loop
      vertex -58.5196 34.6725 1
      vertex -58.5735 34.6678 1
      vertex -58.5735 34.4997 1.2
    endloop
  endfacet
  facet normal 0 0 1
    outer loop
      vertex -64.4856 35.2216 1.2
      vertex -66.0308 36.3886 1.2
      vertex -64.5209 35.1454 1.2
    endloop
  endfacet
  facet normal 0.996338 -0.0854981 0
    outer loop
      vertex -64.0907 43.6173 0
      vertex -64.0907 43.6173 1
      vertex -64.0982 43.5299 0
    endloop
  endfacet
  facet normal 0.996338 -0.0854981 0
    outer loop
      vertex -64.0982 43.5299 1
      vertex -64.0982 43.5299 0
      vertex -64.0907 43.6173 1
    endloop
  endfacet
  facet normal 0 0 -1
    outer loop
      vertex -66.1534 34.3677 0
      vertex -66.1869 34.5052 0
      vertex -64.3778 34.9261 0
    endloop
  endfacet
  facet normal 0 0 -1
    outer loop
      vertex -66.0995 34.2367 0
      vertex -66.1534 34.3677 0
      vertex -64.3639 34.8732 0
    endloop
  endfacet
  facet normal 0 0 -1
    outer loop
      vertex -66.0252 34.1169 0
      vertex -66.0995 34.2367 0
      vertex -64.3639 34.8732 0
    endloop
  endfacet
  facet normal 0.740779 0.202787 0.640409
    outer loop
      vertex -65.4017 38.8545 1.2
      vertex -65.2438 38.9093 1
      vertex -65.3804 39.4083 1
    endloop
  endfacet
  facet normal 0.963796 -0.266641 0
    outer loop
      vertex -56.4588 44.2407 0
      vertex -56.43 44.3448 1
      vertex -56.4588 44.2407 1
    endloop
  endfacet
  facet normal -0.0683589 0.763957 0.641636
    outer loop
      vertex -58.5196 34.6725 1
      vertex -58.5735 34.4997 1.2
      vertex -58.4908 34.5071 1.2
    endloop
  endfacet
  facet normal 0.710014 0.292315 0.64065
    outer loop
      vertex -65.0468 38.4308 1
      vertex -65.2438 38.9093 1
      vertex -65.4017 38.8545 1.2
    endloop
  endfacet
  facet normal 0.740688 -0.204917 0.639836
    outer loop
      vertex -56.6223 44.2742 1.2
      vertex -56.4588 44.2407 1
      vertex -56.43 44.3448 1
    endloop
  endfacet
  facet normal 0.83048 -0.557048 0.00118945
    outer loop
      vertex -64.6027 42.8219 0
      vertex -64.8833 42.4057 1
      vertex -64.8981 42.3815 0
    endloop
  endfacet
  facet normal 0 0 -1
    outer loop
      vertex -60.9205 32.8802 0
      vertex -58.5735 34.6678 0
      vertex -60.7747 32.8021 0
    endloop
  endfacet
  facet normal 0 0 1
    outer loop
      vertex -64.1548 34.5071 1.2
      vertex -64.2357 34.5285 1.2
      vertex -64.6482 33.4051 1.2
    endloop
  endfacet
  facet normal 0.992673 -0.120831 0
    outer loop
      vertex -56.4588 44.2407 0
      vertex -56.4588 44.2407 1
      vertex -56.4718 44.1339 1
    endloop
  endfacet
  facet normal -0.164601 -0.98636 0
    outer loop
      vertex -62.2668 32.5197 0
      vertex -62.2668 32.5197 1
      vertex -62.9014 32.6256 0
    endloop
  endfacet
  facet normal 0 0 -1
    outer loop
      vertex -61.4055 32.9592 0
      vertex -64.0721 34.6678 0
      vertex -61.2401 32.9592 0
    endloop
  endfacet
  facet normal 0 0 -1
    outer loop
      vertex -61.5681 32.9322 0
      vertex -64.0721 34.6678 0
      vertex -61.4055 32.9592 0
    endloop
  endfacet
  facet normal 0 0 -1
    outer loop
      vertex -61.0775 32.9322 0
      vertex -58.5735 34.6678 0
      vertex -60.9205 32.8802 0
    endloop
  endfacet
  facet normal 0.0215261 -0.999768 0
    outer loop
      vertex -62.225 32.5206 0
      vertex -62.2668 32.5197 1
      vertex -62.2668 32.5197 0
    endloop
  endfacet
  facet normal 0.0215261 -0.999768 0
    outer loop
      vertex -62.225 32.5206 1
      vertex -62.2668 32.5197 1
      vertex -62.225 32.5206 0
    endloop
  endfacet
  facet normal 0 0 -1
    outer loop
      vertex -61.7251 32.8802 0
      vertex -64.0721 34.6678 0
      vertex -61.5681 32.9322 0
    endloop
  endfacet
  facet normal 0 0 -1
    outer loop
      vertex -64.0721 34.6678 0
      vertex -58.5735 34.6678 0
      vertex -61.2401 32.9592 0
    endloop
  endfacet
  facet normal 0.500122 -0.584372 0.639051
    outer loop
      vertex -62.2464 32.6869 1.2
      vertex -62.1591 32.5429 1
      vertex -62.1265 32.5708 1
    endloop
  endfacet
  facet normal 0 0 -1
    outer loop
      vertex -61.0775 32.9322 0
      vertex -61.2401 32.9592 0
      vertex -58.5735 34.6678 0
    endloop
  endfacet
  facet normal 0.142718 0.753854 0.641355
    outer loop
      vertex -62.3412 36.2139 1
      vertex -62.3811 36.0513 1.2
      vertex -61.8357 36.1182 1
    endloop
  endfacet
  facet normal 0.333872 -0.689817 0.642403
    outer loop
      vertex -62.2464 32.6869 1.2
      vertex -62.1841 32.5308 1
      vertex -62.1591 32.5429 1
    endloop
  endfacet
  facet normal 0.185952 -0.74563 0.639888
    outer loop
      vertex -62.2464 32.6869 1.2
      vertex -62.225 32.5206 1
      vertex -62.1841 32.5308 1
    endloop
  endfacet
  facet normal -0.765871 -0.0669911 0.639494
    outer loop
      vertex -58.2678 35.0349 1
      vertex -58.096 34.98 1.2
      vertex -58.1034 35.0646 1.2
    endloop
  endfacet
  facet normal 0.709336 0.291141 0.641934
    outer loop
      vertex -65.4017 38.8545 1.2
      vertex -65.1973 38.3565 1.2
      vertex -65.0468 38.4308 1
    endloop
  endfacet
  facet normal -0 0 -1
    outer loop
      vertex -62.1265 32.5708 0
      vertex -62.1591 32.5429 0
      vertex -64.0721 34.6678 0
    endloop
  endfacet
  facet normal 0 0 -1
    outer loop
      vertex -62.1841 32.5308 0
      vertex -64.0721 34.6678 0
      vertex -62.1591 32.5429 0
    endloop
  endfacet
  facet normal 0 0 -1
    outer loop
      vertex -62.225 32.5206 0
      vertex -64.0721 34.6678 0
      vertex -62.1841 32.5308 0
    endloop
  endfacet
  facet normal 0.126854 0.991884 0.0085748
    outer loop
      vertex -61.5867 36.095 0
      vertex -62.1098 36.1619 0
      vertex -61.8357 36.1182 1
    endloop
  endfacet
  facet normal 0.0165346 -0.767939 0.64031
    outer loop
      vertex -62.2464 32.6869 1.2
      vertex -62.2668 32.5197 1
      vertex -62.225 32.5206 1
    endloop
  endfacet
  facet normal -0 0 -1
    outer loop
      vertex -61.7251 32.8802 0
      vertex -61.871 32.8021 0
      vertex -64.0721 34.6678 0
    endloop
  endfacet
  facet normal 0.635131 -0.430936 0.641017
    outer loop
      vertex -65.0273 42.4911 1.2
      vertex -64.5934 42.8331 1
      vertex -64.7253 42.9362 1.2
    endloop
  endfacet
  facet normal 0.764093 -0.0930076 0.638366
    outer loop
      vertex -56.6381 44.1404 1.2
      vertex -56.4718 44.1339 1
      vertex -56.4588 44.2407 1
    endloop
  endfacet
  facet normal 0 -0 1
    outer loop
      vertex -60.8555 33.0335 1.2
      vertex -58.5735 34.4997 1.2
      vertex -61.0376 33.0957 1.2
    endloop
  endfacet
  facet normal 0.577292 -0.505594 0.641178
    outer loop
      vertex -64.3713 43.3404 1.2
      vertex -64.7253 42.9362 1.2
      vertex -64.2533 43.2215 1
    endloop
  endfacet
  facet normal 0 0 -1
    outer loop
      vertex -62.9014 32.6256 0
      vertex -64.0721 34.6678 0
      vertex -62.2668 32.5197 0
    endloop
  endfacet
  facet normal -0 0 -1
    outer loop
      vertex -62.225 32.5206 0
      vertex -62.2668 32.5197 0
      vertex -64.0721 34.6678 0
    endloop
  endfacet
  facet normal -0 0 -1
    outer loop
      vertex -61.871 32.8021 0
      vertex -62.003 32.7009 0
      vertex -64.0721 34.6678 0
    endloop
  endfacet
  facet normal -0 0 -1
    outer loop
      vertex -62.003 32.7009 0
      vertex -62.1265 32.5708 0
      vertex -64.0721 34.6678 0
    endloop
  endfacet
  facet normal 0.0632366 0.997971 -0.00740701
    outer loop
      vertex -61.5867 36.095 0
      vertex -61.8357 36.1182 1
      vertex -61.3228 36.0857 1
    endloop
  endfacet
  facet normal 0.654588 -0.400319 0.641295
    outer loop
      vertex -64.1966 43.2883 1
      vertex -64.1511 43.3627 1
      vertex -64.3323 43.3868 1.2
    endloop
  endfacet
  facet normal 0.657714 -0.392147 0.643143
    outer loop
      vertex -64.3007 43.4398 1.2
      vertex -64.3323 43.3868 1.2
      vertex -64.1511 43.3627 1
    endloop
  endfacet
  facet normal 0.142746 0.753798 0.641414
    outer loop
      vertex -62.3811 36.0513 1.2
      vertex -61.8562 35.9519 1.2
      vertex -61.8357 36.1182 1
    endloop
  endfacet
  facet normal -0 0 1
    outer loop
      vertex -61.2271 33.1264 1.2
      vertex -61.0376 33.0957 1.2
      vertex -58.5735 34.4997 1.2
    endloop
  endfacet
  facet normal 0 -0 -1
    outer loop
      vertex -64.2273 34.7097 0
      vertex -64.179 34.6864 0
      vertex -64.7216 33.2537 0
    endloop
  endfacet
  facet normal 0 -0 -1
    outer loop
      vertex -64.2719 34.7403 0
      vertex -64.2273 34.7097 0
      vertex -65.2874 33.5631 0
    endloop
  endfacet
  facet normal 0 -0 -1
    outer loop
      vertex -64.179 34.6864 0
      vertex -64.126 34.6725 0
      vertex -64.7216 33.2537 0
    endloop
  endfacet
  facet normal 0 -0 -1
    outer loop
      vertex -64.126 34.6725 0
      vertex -64.0721 34.6678 0
      vertex -64.1335 32.9945 0
    endloop
  endfacet
  facet normal 0.235972 0.730436 0.640921
    outer loop
      vertex -62.3811 36.0513 1.2
      vertex -62.3412 36.2139 1
      vertex -62.8903 36.2158 1.2
    endloop
  endfacet
  facet normal 0.999031 0.0436078 0.005934
    outer loop
      vertex -65.4677 40.3551 0
      vertex -65.4547 39.9212 1
      vertex -65.4445 39.8236 0
    endloop
  endfacet
  facet normal 0 0 1
    outer loop
      vertex -61.4185 33.1264 1.2
      vertex -61.2271 33.1264 1.2
      vertex -58.5735 34.4997 1.2
    endloop
  endfacet
  facet normal 0 -0 1
    outer loop
      vertex -61.6081 33.0957 1.2
      vertex -61.4185 33.1264 1.2
      vertex -64.0721 34.4997 1.2
    endloop
  endfacet
  facet normal 0.709374 -0.290001 0.642407
    outer loop
      vertex -64.3007 43.4398 1.2
      vertex -64.1511 43.3627 1
      vertex -64.1177 43.4444 1
    endloop
  endfacet
  facet normal -0.0493767 0.765482 0.64156
    outer loop
      vertex -61.3228 35.9175 1.2
      vertex -60.7895 35.9519 1.2
      vertex -60.81 36.1182 1
    endloop
  endfacet
  facet normal 0.769024 0.0328155 0.638377
    outer loop
      vertex -56.4672 44.0261 1
      vertex -56.4718 44.1339 1
      vertex -56.6381 44.1404 1.2
    endloop
  endfacet
  facet normal 0 0 1
    outer loop
      vertex -58.5735 34.4997 1.2
      vertex -64.0721 34.4997 1.2
      vertex -61.4185 33.1264 1.2
    endloop
  endfacet
  facet normal 0 -0 1
    outer loop
      vertex -61.7911 33.0335 1.2
      vertex -61.6081 33.0957 1.2
      vertex -64.0721 34.4997 1.2
    endloop
  endfacet
  facet normal 0.742628 0.202028 0.638505
    outer loop
      vertex -65.4017 38.8545 1.2
      vertex -65.3804 39.4083 1
      vertex -65.543 39.3739 1.2
    endloop
  endfacet
  facet normal 0.70709 -0.300545 0.640075
    outer loop
      vertex -64.1177 43.4444 1
      vertex -64.2766 43.4965 1.2
      vertex -64.3007 43.4398 1.2
    endloop
  endfacet
  facet normal -0.742895 -0.196757 0.639839
    outer loop
      vertex -58.2818 35.0878 1
      vertex -58.1034 35.0646 1.2
      vertex -58.1248 35.1454 1.2
    endloop
  endfacet
  facet normal -0.0484476 0.764429 0.642885
    outer loop
      vertex -61.3228 35.9175 1.2
      vertex -60.81 36.1182 1
      vertex -61.3228 36.0857 1
    endloop
  endfacet
  facet normal 0.762123 0.110181 0.637988
    outer loop
      vertex -65.6201 39.9072 1.2
      vertex -65.543 39.3739 1.2
      vertex -65.4547 39.9212 1
    endloop
  endfacet
  facet normal 0.768656 0.0313621 0.638893
    outer loop
      vertex -56.6326 44.0056 1.2
      vertex -56.4672 44.0261 1
      vertex -56.6381 44.1404 1.2
    endloop
  endfacet
  facet normal -0.246958 -0.969026 0
    outer loop
      vertex -62.9014 32.6256 0
      vertex -62.9014 32.6256 1
      vertex -63.5249 32.7845 1
    endloop
  endfacet
  facet normal -0.246958 -0.969026 0
    outer loop
      vertex -62.9014 32.6256 0
      vertex -63.5249 32.7845 1
      vertex -63.5249 32.7845 0
    endloop
  endfacet
  facet normal 0 0 1
    outer loop
      vertex -61.7911 33.0335 1.2
      vertex -64.0721 34.4997 1.2
      vertex -61.9602 32.9434 1.2
    endloop
  endfacet
  facet normal 0.74783 -0.176256 0.640066
    outer loop
      vertex -64.2766 43.4965 1.2
      vertex -64.1177 43.4444 1
      vertex -64.2626 43.5559 1.2
    endloop
  endfacet
  facet normal 0.761809 0.110358 0.638332
    outer loop
      vertex -65.3804 39.4083 1
      vertex -65.4547 39.9212 1
      vertex -65.543 39.3739 1.2
    endloop
  endfacet
  facet normal 0.0493675 0.765483 0.641559
    outer loop
      vertex -61.8357 36.1182 1
      vertex -61.8562 35.9519 1.2
      vertex -61.3228 35.9175 1.2
    endloop
  endfacet
  facet normal 0.750096 -0.171075 0.638819
    outer loop
      vertex -64.1177 43.4444 1
      vertex -64.0982 43.5299 1
      vertex -64.2626 43.5559 1.2
    endloop
  endfacet
  facet normal -0.326182 -0.945307 0
    outer loop
      vertex -63.5249 32.7845 1
      vertex -64.1335 32.9945 1
      vertex -64.1335 32.9945 0
    endloop
  endfacet
  facet normal -0.326182 -0.945307 -0
    outer loop
      vertex -63.5249 32.7845 1
      vertex -64.1335 32.9945 0
      vertex -63.5249 32.7845 0
    endloop
  endfacet
  facet normal -0.697055 -0.322914 0.640188
    outer loop
      vertex -58.1248 35.1454 1.2
      vertex -58.1601 35.2216 1.2
      vertex -58.2818 35.0878 1
    endloop
  endfacet
  facet normal 0.0484382 0.764429 0.642885
    outer loop
      vertex -61.8357 36.1182 1
      vertex -61.3228 35.9175 1.2
      vertex -61.3228 36.0857 1
    endloop
  endfacet
  facet normal 0 -0 -1
    outer loop
      vertex -64.9846 38.3054 0
      vertex -64.7077 37.8529 0
      vertex -66.3476 36.8866 0
    endloop
  endfacet
  facet normal 0 0 -1
    outer loop
      vertex -66.2825 36.7723 0
      vertex -66.3476 36.8866 0
      vertex -64.7077 37.8529 0
    endloop
  endfacet
  facet normal -0 0 -1
    outer loop
      vertex -63.995 37.0706 0
      vertex -66.2073 36.5205 0
      vertex -64.376 37.4385 0
    endloop
  endfacet
  facet normal 0 -0 -1
    outer loop
      vertex -64.7077 37.8529 0
      vertex -64.376 37.4385 0
      vertex -66.2825 36.7723 0
    endloop
  endfacet
  facet normal 0 -0.765516 0.643416
    outer loop
      vertex -58.5735 35.4613 1.2
      vertex -64.0721 35.4613 1.2
      vertex -58.5735 35.2932 1
    endloop
  endfacet
  facet normal -0.250146 -0.724946 0.641779
    outer loop
      vertex -63.5249 32.7845 1
      vertex -63.4775 32.9452 1.2
      vertex -64.1335 32.9945 1
    endloop
  endfacet
  facet normal -0.548076 -0.535428 0.642596
    outer loop
      vertex -58.2074 35.2904 1.2
      vertex -58.3738 35.2207 1
      vertex -58.3357 35.1817 1
    endloop
  endfacet
  facet normal 0 -1 0
    outer loop
      vertex -64.0721 35.2932 0
      vertex -58.5735 35.2932 0
      vertex -64.0721 35.2932 1
    endloop
  endfacet
  facet normal 0 0 1
    outer loop
      vertex -61.9602 32.9434 1.2
      vertex -64.0721 34.4997 1.2
      vertex -62.1145 32.8263 1.2
    endloop
  endfacet
  facet normal -0.250261 -0.724466 0.642276
    outer loop
      vertex -63.4775 32.9452 1.2
      vertex -64.0721 33.1506 1.2
      vertex -64.1335 32.9945 1
    endloop
  endfacet
  facet normal 0 0.765516 0.643416
    outer loop
      vertex -58.5735 34.6678 1
      vertex -64.0721 34.6678 1
      vertex -58.5735 34.4997 1.2
    endloop
  endfacet
  facet normal -0 0.765516 0.643416
    outer loop
      vertex -64.0721 34.4997 1.2
      vertex -58.5735 34.4997 1.2
      vertex -64.0721 34.6678 1
    endloop
  endfacet
  facet normal -0.971907 -0.235363 -0
    outer loop
      vertex -67.1104 38.5247 1
      vertex -67.2526 39.1119 1
      vertex -67.1104 38.5247 0
    endloop
  endfacet
  facet normal 0.635074 -0.430763 0.641189
    outer loop
      vertex -65.0273 42.4911 1.2
      vertex -64.8833 42.4057 1
      vertex -64.5934 42.8331 1
    endloop
  endfacet
  facet normal -0.188838 -0.743175 0.641896
    outer loop
      vertex -62.8671 32.7901 1.2
      vertex -63.4775 32.9452 1.2
      vertex -63.5249 32.7845 1
    endloop
  endfacet
  facet normal 0 0 -1
    outer loop
      vertex -66.2361 36.6488 0
      vertex -64.376 37.4385 0
      vertex -66.2073 36.5205 0
    endloop
  endfacet
  facet normal 0.753681 0.153607 0.639039
    outer loop
      vertex -56.4672 44.0261 1
      vertex -56.6326 44.0056 1.2
      vertex -56.4458 43.9211 1
    endloop
  endfacet
  facet normal -0.971907 -0.235363 0
    outer loop
      vertex -67.1104 38.5247 0
      vertex -67.2526 39.1119 1
      vertex -67.2526 39.1119 0
    endloop
  endfacet
  facet normal -0.189155 -0.742216 0.642912
    outer loop
      vertex -62.9014 32.6256 1
      vertex -62.8671 32.7901 1.2
      vertex -63.5249 32.7845 1
    endloop
  endfacet
  facet normal 1 0 0
    outer loop
      vertex -64.0907 44.4052 1
      vertex -64.0907 43.6173 1
      vertex -64.0907 43.6173 0
    endloop
  endfacet
  facet normal 1 0 0
    outer loop
      vertex -64.0907 44.4052 1
      vertex -64.0907 43.6173 0
      vertex -64.0907 44.4052 0
    endloop
  endfacet
  facet normal 0 0 -1
    outer loop
      vertex -66.2825 36.7723 0
      vertex -64.376 37.4385 0
      vertex -66.2361 36.6488 0
    endloop
  endfacet
  facet normal -0.632051 -0.434535 0.641631
    outer loop
      vertex -58.1601 35.2216 1.2
      vertex -58.2074 35.2904 1.2
      vertex -58.3357 35.1817 1
    endloop
  endfacet
  facet normal 0 1 0
    outer loop
      vertex -58.5735 34.6678 1
      vertex -58.5735 34.6678 0
      vertex -64.0721 34.6678 1
    endloop
  endfacet
  facet normal 0 1 0
    outer loop
      vertex -64.0721 34.6678 0
      vertex -64.0721 34.6678 1
      vertex -58.5735 34.6678 0
    endloop
  endfacet
  facet normal 0.753739 0.154291 0.638805
    outer loop
      vertex -56.4458 43.9211 1
      vertex -56.6326 44.0056 1.2
      vertex -56.6056 43.8737 1.2
    endloop
  endfacet
  facet normal 0 0 1
    outer loop
      vertex -62.8671 32.7901 1.2
      vertex -64.0721 34.4997 1.2
      vertex -63.4775 32.9452 1.2
    endloop
  endfacet
  facet normal 0 0 1
    outer loop
      vertex -64.0721 34.4997 1.2
      vertex -62.8671 32.7901 1.2
      vertex -62.1145 32.8263 1.2
    endloop
  endfacet
  facet normal -0 0 1
    outer loop
      vertex -64.0721 33.1506 1.2
      vertex -63.4775 32.9452 1.2
      vertex -64.0721 34.4997 1.2
    endloop
  endfacet
  facet normal -0 0 1
    outer loop
      vertex -64.6482 33.4051 1.2
      vertex -64.0721 33.1506 1.2
      vertex -64.1548 34.5071 1.2
    endloop
  endfacet
  facet normal 0.719769 0.270713 0.639255
    outer loop
      vertex -56.6056 43.8737 1.2
      vertex -56.4077 43.8198 1
      vertex -56.4458 43.9211 1
    endloop
  endfacet
  facet normal -0.125949 -0.754745 0.643814
    outer loop
      vertex -62.2668 32.5197 1
      vertex -62.2464 32.6869 1.2
      vertex -62.9014 32.6256 1
    endloop
  endfacet
  facet normal 0.767025 0 0.641617
    outer loop
      vertex -64.0907 44.4052 1
      vertex -64.258 44.4052 1.2
      vertex -64.258 43.6173 1.2
    endloop
  endfacet
  facet normal 0.767025 0 0.641617
    outer loop
      vertex -64.0907 44.4052 1
      vertex -64.258 43.6173 1.2
      vertex -64.0907 43.6173 1
    endloop
  endfacet
  facet normal 0 0 -1
    outer loop
      vertex -66.6551 37.406 0
      vertex -64.9846 38.3054 0
      vertex -66.3476 36.8866 0
    endloop
  endfacet
  facet normal -0 0 -1
    outer loop
      vertex -64.179 35.2746 0
      vertex -64.2273 35.2523 0
      vertex -63.995 37.0706 0
    endloop
  endfacet
  facet normal -0.990206 -0.139617 -0
    outer loop
      vertex -67.3371 39.7112 1
      vertex -67.3371 39.7112 0
      vertex -67.2526 39.1119 1
    endloop
  endfacet
  facet normal -0.990206 -0.139617 -0
    outer loop
      vertex -67.2526 39.1119 1
      vertex -67.3371 39.7112 0
      vertex -67.2526 39.1119 0
    endloop
  endfacet
  facet normal -0 -1 -0
    outer loop
      vertex -58.5735 35.2932 1
      vertex -64.0721 35.2932 1
      vertex -58.5735 35.2932 0
    endloop
  endfacet
  facet normal -0.125617 -0.755526 0.642963
    outer loop
      vertex -62.9014 32.6256 1
      vertex -62.2464 32.6869 1.2
      vertex -62.8671 32.7901 1.2
    endloop
  endfacet
  facet normal 0.766624 -0.0657858 0.638717
    outer loop
      vertex -64.0982 43.5299 1
      vertex -64.0907 43.6173 1
      vertex -64.2626 43.5559 1.2
    endloop
  endfacet
  facet normal 0 0 -1
    outer loop
      vertex -67.1104 38.5247 0
      vertex -65.201 38.7904 0
      vertex -66.9097 37.9533 0
    endloop
  endfacet
  facet normal 0 0 -1
    outer loop
      vertex -66.6551 37.406 0
      vertex -66.9097 37.9533 0
      vertex -64.9846 38.3054 0
    endloop
  endfacet
  facet normal 0.765762 -0.0573698 0.64056
    outer loop
      vertex -64.258 43.6173 1.2
      vertex -64.2626 43.5559 1.2
      vertex -64.0907 43.6173 1
    endloop
  endfacet
  facet normal -0.164601 -0.98636 0
    outer loop
      vertex -62.2668 32.5197 1
      vertex -62.9014 32.6256 1
      vertex -62.9014 32.6256 0
    endloop
  endfacet
  facet normal 0.0868689 -0.99622 0
    outer loop
      vertex -64.0721 35.2932 0
      vertex -64.0721 35.2932 1
      vertex -64.126 35.2885 1
    endloop
  endfacet
  facet normal 0.0868689 -0.99622 0
    outer loop
      vertex -64.0721 35.2932 0
      vertex -64.126 35.2885 1
      vertex -64.126 35.2885 0
    endloop
  endfacet
  facet normal -0.781442 -0.623978 0
    outer loop
      vertex -66.3206 44.5306 0
      vertex -66.3206 44.5306 1
      vertex -66.6923 44.9961 0
    endloop
  endfacet
  facet normal -0.760564 -0.107238 0.640345
    outer loop
      vertex -67.3371 39.7112 1
      vertex -67.2526 39.1119 1
      vertex -67.1708 39.726 1.2
    endloop
  endfacet
  facet normal 0 0 -1
    outer loop
      vertex -66.198 34.6465 0
      vertex -66.198 36.3886 0
      vertex -64.3778 35.0349 0
    endloop
  endfacet
  facet normal 0 0 -1
    outer loop
      vertex -64.3778 35.0349 0
      vertex -64.3834 34.98 0
      vertex -66.198 34.6465 0
    endloop
  endfacet
  facet normal -0 0 -1
    outer loop
      vertex -64.3639 35.0878 0
      vertex -64.3778 35.0349 0
      vertex -66.198 36.3886 0
    endloop
  endfacet
  facet normal -0.761247 -0.106901 0.63959
    outer loop
      vertex -67.2526 39.1119 1
      vertex -67.089 39.1435 1.2
      vertex -67.1708 39.726 1.2
    endloop
  endfacet
  facet normal 0 0 1
    outer loop
      vertex -64.244 37.0678 1.2
      vertex -64.6138 37.4562 1.2
      vertex -66.0419 36.5456 1.2
    endloop
  endfacet
  facet normal 0 0 1
    outer loop
      vertex -64.9334 37.8882 1.2
      vertex -65.1973 38.3565 1.2
      vertex -66.5074 37.485 1.2
    endloop
  endfacet
  facet normal -0 0 1
    outer loop
      vertex -66.5074 37.485 1.2
      vertex -66.2082 36.9795 1.2
      vertex -64.9334 37.8882 1.2
    endloop
  endfacet
  facet normal -0 0 1
    outer loop
      vertex -66.7564 38.0174 1.2
      vertex -66.5074 37.485 1.2
      vertex -65.1973 38.3565 1.2
    endloop
  endfacet
  facet normal 0 0 1
    outer loop
      vertex -65.1973 38.3565 1.2
      vertex -65.4017 38.8545 1.2
      vertex -66.7564 38.0174 1.2
    endloop
  endfacet
  facet normal -0 0 1
    outer loop
      vertex -66.9506 38.5721 1.2
      vertex -66.7564 38.0174 1.2
      vertex -65.4017 38.8545 1.2
    endloop
  endfacet
  facet normal -0.600204 -0.48006 0.639763
    outer loop
      vertex -66.1915 44.6365 1.2
      vertex -66.5631 45.1011 1.2
      vertex -66.6923 44.9961 1
    endloop
  endfacet
  facet normal -0.747007 -0.1809 0.639732
    outer loop
      vertex -67.2526 39.1119 1
      vertex -67.1104 38.5247 1
      vertex -66.9506 38.5721 1.2
    endloop
  endfacet
  facet normal 0.253685 -0.967287 0
    outer loop
      vertex -64.179 35.2746 0
      vertex -64.126 35.2885 1
      vertex -64.179 35.2746 1
    endloop
  endfacet
  facet normal -0.639288 -0.428977 0.638193
    outer loop
      vertex -66.5631 45.1011 1.2
      vertex -66.7796 45.1262 1
      vertex -66.6923 44.9961 1
    endloop
  endfacet
  facet normal 0.253685 -0.967287 0
    outer loop
      vertex -64.126 35.2885 0
      vertex -64.126 35.2885 1
      vertex -64.179 35.2746 0
    endloop
  endfacet
  facet normal 0 0 -1
    outer loop
      vertex -65.8263 33.918 0
      vertex -65.9332 34.0091 0
      vertex -64.3639 34.8732 0
    endloop
  endfacet
  facet normal 0 0 -1
    outer loop
      vertex -66.0252 34.1169 0
      vertex -64.3639 34.8732 0
      vertex -65.9332 34.0091 0
    endloop
  endfacet
  facet normal 0 0 -1
    outer loop
      vertex -65.2874 33.5631 0
      vertex -65.8263 33.918 0
      vertex -64.31 34.7793 0
    endloop
  endfacet
  facet normal 0 -0 -1
    outer loop
      vertex -64.3834 34.98 0
      vertex -64.3778 34.9261 0
      vertex -66.198 34.6465 0
    endloop
  endfacet
  facet normal -0.747046 -0.180944 0.639673
    outer loop
      vertex -67.2526 39.1119 1
      vertex -66.9506 38.5721 1.2
      vertex -67.089 39.1435 1.2
    endloop
  endfacet
  facet normal 0.0666037 -0.763817 0.641988
    outer loop
      vertex -64.0721 35.2932 1
      vertex -64.0721 35.4613 1.2
      vertex -64.126 35.2885 1
    endloop
  endfacet
  facet normal -0.742909 -0.196611 0.639868
    outer loop
      vertex -58.2818 35.0878 1
      vertex -58.2678 35.0349 1
      vertex -58.1034 35.0646 1.2
    endloop
  endfacet
  facet normal -0.725391 -0.253959 0.639776
    outer loop
      vertex -66.7564 38.0174 1.2
      vertex -66.9506 38.5721 1.2
      vertex -67.1104 38.5247 1
    endloop
  endfacet
  facet normal 0.781524 -0.623876 0
    outer loop
      vertex -56.325 44.5306 0
      vertex -55.9534 44.9961 0
      vertex -55.9534 44.9961 1
    endloop
  endfacet
  facet normal 0.781524 -0.623876 0
    outer loop
      vertex -56.325 44.5306 0
      vertex -55.9534 44.9961 1
      vertex -56.325 44.5306 1
    endloop
  endfacet
  facet normal 0 0 1
    outer loop
      vertex -66.0308 34.6465 1.2
      vertex -64.5423 35.0646 1.2
      vertex -66.0308 36.3886 1.2
    endloop
  endfacet
  facet normal -0.599882 -0.479004 0.640856
    outer loop
      vertex -66.1915 44.6365 1.2
      vertex -66.6923 44.9961 1
      vertex -66.3206 44.5306 1
    endloop
  endfacet
  facet normal 0.872184 0.489127 -0.00708675
    outer loop
      vertex -65.0468 38.4308 1
      vertex -64.7941 37.9802 1
      vertex -64.9846 38.3054 0
    endloop
  endfacet
  facet normal 0.829295 -0.558811 0
    outer loop
      vertex -56.325 44.5306 1
      vertex -56.3845 44.4423 0
      vertex -56.325 44.5306 0
    endloop
  endfacet
  facet normal -0.999137 -0.0415273 -0
    outer loop
      vertex -67.3622 40.3151 1
      vertex -67.3622 40.3151 0
      vertex -67.3371 39.7112 1
    endloop
  endfacet
  facet normal -0.766643 -0.0768039 0.637464
    outer loop
      vertex -58.096 34.98 1.2
      vertex -58.2678 35.0349 1
      vertex -58.2623 34.98 1
    endloop
  endfacet
  facet normal 0.668494 0.374896 0.642315
    outer loop
      vertex -65.0468 38.4308 1
      vertex -65.1973 38.3565 1.2
      vertex -64.7941 37.9802 1
    endloop
  endfacet
  facet normal 0 0 1
    outer loop
      vertex -56.1466 46.0878 1.2
      vertex -55.9571 45.784 1.2
      vertex -56.0677 45.9977 1.2
    endloop
  endfacet
  facet normal 0.906183 -0.422885 0
    outer loop
      vertex -56.43 44.3448 0
      vertex -56.3845 44.4423 0
      vertex -56.43 44.3448 1
    endloop
  endfacet
  facet normal -0.640312 -0.425045 0.639795
    outer loop
      vertex -66.5631 45.1011 1.2
      vertex -66.6328 45.2061 1.2
      vertex -66.7796 45.1262 1
    endloop
  endfacet
  facet normal 0 0 1
    outer loop
      vertex -56.0035 45.8955 1.2
      vertex -56.0677 45.9977 1.2
      vertex -55.9571 45.784 1.2
    endloop
  endfacet
  facet normal 0.852947 0.521947 0.00725077
    outer loop
      vertex -64.7077 37.8529 0
      vertex -64.9846 38.3054 0
      vertex -64.7941 37.9802 1
    endloop
  endfacet
  facet normal 0.419177 -0.907904 0
    outer loop
      vertex -64.179 35.2746 0
      vertex -64.179 35.2746 1
      vertex -64.2273 35.2523 1
    endloop
  endfacet
  facet normal 0.600256 0.480231 0.639587
    outer loop
      vertex -65.4361 46.0172 1.2
      vertex -64.3434 44.6514 1.2
      vertex -64.2143 44.7564 1
    endloop
  endfacet
  facet normal -0.767361 -0.031894 0.640421
    outer loop
      vertex -67.1708 39.726 1.2
      vertex -67.3622 40.3151 1
      vertex -67.3371 39.7112 1
    endloop
  endfacet
  facet normal 0.963796 -0.266641 0
    outer loop
      vertex -56.43 44.3448 1
      vertex -56.4588 44.2407 0
      vertex -56.43 44.3448 0
    endloop
  endfacet
  facet normal 0.419177 -0.907904 0
    outer loop
      vertex -64.179 35.2746 0
      vertex -64.2273 35.2523 1
      vertex -64.2273 35.2523 0
    endloop
  endfacet
  facet normal 0.992673 -0.120831 0
    outer loop
      vertex -56.4718 44.1339 0
      vertex -56.4588 44.2407 0
      vertex -56.4718 44.1339 1
    endloop
  endfacet
  facet normal 0.599582 0.479376 0.640859
    outer loop
      vertex -64.2143 44.7564 1
      vertex -65.307 46.1231 1
      vertex -65.4361 46.0172 1.2
    endloop
  endfacet
  facet normal 0 0 1
    outer loop
      vertex -66.0308 36.3886 1.2
      vertex -64.4856 35.2216 1.2
      vertex -64.4382 35.2904 1.2
    endloop
  endfacet
  facet normal 0 -0.765516 0.643416
    outer loop
      vertex -64.0721 35.2932 1
      vertex -58.5735 35.2932 1
      vertex -64.0721 35.4613 1.2
    endloop
  endfacet
  facet normal 0.803568 0.595179 -0.00633792
    outer loop
      vertex -64.7077 37.8529 0
      vertex -64.7941 37.9802 1
      vertex -64.4865 37.5649 1
    endloop
  endfacet
  facet normal 0.943492 -0.331395 0
    outer loop
      vertex -55.736 37.9533 1
      vertex -55.736 37.9533 0
      vertex -55.5353 38.5247 0
    endloop
  endfacet
  facet normal 0.999091 0.0426328 0
    outer loop
      vertex -56.4718 44.1339 1
      vertex -56.4672 44.0261 1
      vertex -56.4718 44.1339 0
    endloop
  endfacet
  facet normal 0.999091 0.0426328 0
    outer loop
      vertex -56.4718 44.1339 0
      vertex -56.4672 44.0261 1
      vertex -56.4672 44.0261 0
    endloop
  endfacet
  facet normal 0.781053 0.624465 0
    outer loop
      vertex -64.2143 44.7564 1
      vertex -64.2143 44.7564 0
      vertex -65.307 46.1231 0
    endloop
  endfacet
  facet normal 0.781053 0.624465 0
    outer loop
      vertex -64.2143 44.7564 1
      vertex -65.307 46.1231 0
      vertex -65.307 46.1231 1
    endloop
  endfacet
  facet normal 0 -0 1
    outer loop
      vertex -64.4382 35.2904 1.2
      vertex -64.3788 35.3498 1.2
      vertex -66.0308 36.3886 1.2
    endloop
  endfacet
  facet normal 0 0 1
    outer loop
      vertex -55.9571 45.784 1.2
      vertex -56.1466 46.0878 1.2
      vertex -56.2395 46.1631 1.2
    endloop
  endfacet
  facet normal 0 0 1
    outer loop
      vertex -55.9571 45.784 1.2
      vertex -56.2395 46.1631 1.2
      vertex -56.3436 46.2216 1.2
    endloop
  endfacet
  facet normal 0 0 1
    outer loop
      vertex -55.9571 45.784 1.2
      vertex -56.3436 46.2216 1.2
      vertex -56.456 46.2634 1.2
    endloop
  endfacet
  facet normal 0 0 1
    outer loop
      vertex -55.9571 45.784 1.2
      vertex -56.456 46.2634 1.2
      vertex -56.574 46.2857 1.2
    endloop
  endfacet
  facet normal 0 0 1
    outer loop
      vertex -55.9571 45.784 1.2
      vertex -56.574 46.2857 1.2
      vertex -56.693 46.2867 1.2
    endloop
  endfacet
  facet normal 0 0 1
    outer loop
      vertex -55.9571 45.784 1.2
      vertex -56.693 46.2867 1.2
      vertex -56.811 46.2699 1.2
    endloop
  endfacet
  facet normal 0 0 1
    outer loop
      vertex -55.9571 45.784 1.2
      vertex -56.811 46.2699 1.2
      vertex -56.9243 46.2318 1.2
    endloop
  endfacet
  facet normal 0 0 1
    outer loop
      vertex -55.9571 45.784 1.2
      vertex -56.9243 46.2318 1.2
      vertex -57.0312 46.177 1.2
    endloop
  endfacet
  facet normal -0 0 1
    outer loop
      vertex -57.2096 46.0172 1.2
      vertex -55.9227 45.5461 1.2
      vertex -57.1259 46.1045 1.2
    endloop
  endfacet
  facet normal 0.979856 0.199704 0
    outer loop
      vertex -56.4458 43.9211 0
      vertex -56.4672 44.0261 0
      vertex -56.4672 44.0261 1
    endloop
  endfacet
  facet normal 0.979856 0.199704 -0
    outer loop
      vertex -56.4458 43.9211 0
      vertex -56.4672 44.0261 1
      vertex -56.4458 43.9211 1
    endloop
  endfacet
  facet normal 0 -0 1
    outer loop
      vertex -64.3788 35.3498 1.2
      vertex -64.3109 35.3972 1.2
      vertex -66.0308 36.3886 1.2
    endloop
  endfacet
  facet normal 0.669504 0.377284 0.63986
    outer loop
      vertex -64.7941 37.9802 1
      vertex -65.1973 38.3565 1.2
      vertex -64.9334 37.8882 1.2
    endloop
  endfacet
  facet normal 0.935987 0.352035 0
    outer loop
      vertex -56.4458 43.9211 1
      vertex -56.4077 43.8198 1
      vertex -56.4458 43.9211 0
    endloop
  endfacet
  facet normal 0.935987 0.352035 -0
    outer loop
      vertex -56.4077 43.8198 0
      vertex -56.4458 43.9211 0
      vertex -56.4077 43.8198 1
    endloop
  endfacet
  facet normal -0.995019 -0.0996832 0
    outer loop
      vertex -58.2678 35.0349 0
      vertex -58.2623 34.98 1
      vertex -58.2678 35.0349 1
    endloop
  endfacet
  facet normal 0.19467 -0.742265 0.641207
    outer loop
      vertex -64.179 35.2746 1
      vertex -64.126 35.2885 1
      vertex -64.2357 35.4325 1.2
    endloop
  endfacet
  facet normal 0.617285 0.457204 0.640253
    outer loop
      vertex -64.9334 37.8882 1.2
      vertex -64.4865 37.5649 1
      vertex -64.7941 37.9802 1
    endloop
  endfacet
  facet normal 0 0 1
    outer loop
      vertex -57.0312 46.177 1.2
      vertex -57.1259 46.1045 1.2
      vertex -55.9571 45.784 1.2
    endloop
  endfacet
  facet normal -0 0 1
    outer loop
      vertex -66.0419 36.5456 1.2
      vertex -66.0308 36.3886 1.2
      vertex -64.244 37.0678 1.2
    endloop
  endfacet
  facet normal 0 -0 1
    outer loop
      vertex -64.3109 35.3972 1.2
      vertex -64.244 37.0678 1.2
      vertex -66.0308 36.3886 1.2
    endloop
  endfacet
  facet normal -0 0 1
    outer loop
      vertex -66.132 36.8439 1.2
      vertex -66.0763 36.698 1.2
      vertex -64.6138 37.4562 1.2
    endloop
  endfacet
  facet normal 0.864958 0.501843 0
    outer loop
      vertex -56.3538 43.7269 1
      vertex -56.4077 43.8198 0
      vertex -56.4077 43.8198 1
    endloop
  endfacet
  facet normal 1 0 -0
    outer loop
      vertex -56.4477 36.3886 0
      vertex -56.4477 36.3886 1
      vertex -56.4477 34.6465 0
    endloop
  endfacet
  facet normal 0.780683 0.624885 0.00727994
    outer loop
      vertex -64.7077 37.8529 0
      vertex -64.4865 37.5649 1
      vertex -64.376 37.4385 0
    endloop
  endfacet
  facet normal -0 0 1
    outer loop
      vertex -66.2082 36.9795 1.2
      vertex -66.132 36.8439 1.2
      vertex -64.9334 37.8882 1.2
    endloop
  endfacet
  facet normal 0 0 1
    outer loop
      vertex -64.6138 37.4562 1.2
      vertex -64.9334 37.8882 1.2
      vertex -66.132 36.8439 1.2
    endloop
  endfacet
  facet normal 0.767214 0 0.641391
    outer loop
      vertex -56.6149 36.3886 1.2
      vertex -56.6149 34.6465 1.2
      vertex -56.4477 36.3886 1
    endloop
  endfacet
  facet normal 0.864958 0.501843 0
    outer loop
      vertex -56.4077 43.8198 0
      vertex -56.3538 43.7269 1
      vertex -56.3538 43.7269 0
    endloop
  endfacet
  facet normal 0 -0 1
    outer loop
      vertex -65.8161 34.1289 1.2
      vertex -64.5209 34.8165 1.2
      vertex -65.8914 34.2154 1.2
    endloop
  endfacet
  facet normal 0.906758 -0.421652 0
    outer loop
      vertex -55.736 37.9533 1
      vertex -55.9905 37.406 1
      vertex -55.9905 37.406 0
    endloop
  endfacet
  facet normal 0.321658 -0.696685 0.641223
    outer loop
      vertex -64.2357 35.4325 1.2
      vertex -64.2273 35.2523 1
      vertex -64.179 35.2746 1
    endloop
  endfacet
  facet normal 0.851869 0.523755 -0
    outer loop
      vertex -56.3538 43.7269 0
      vertex -56.3538 43.7269 1
      vertex -56.0379 43.2131 1
    endloop
  endfacet
  facet normal 0.851869 0.523755 0
    outer loop
      vertex -56.3538 43.7269 0
      vertex -56.0379 43.2131 1
      vertex -56.0379 43.2131 0
    endloop
  endfacet
  facet normal 0.617097 0.456537 0.64091
    outer loop
      vertex -64.9334 37.8882 1.2
      vertex -64.6138 37.4562 1.2
      vertex -64.4865 37.5649 1
    endloop
  endfacet
  facet normal 0.906758 -0.421652 0
    outer loop
      vertex -55.736 37.9533 1
      vertex -55.9905 37.406 0
      vertex -55.736 37.9533 0
    endloop
  endfacet
  facet normal 0.578119 -0.815953 0
    outer loop
      vertex -64.2273 35.2523 0
      vertex -64.2273 35.2523 1
      vertex -64.2719 35.2207 1
    endloop
  endfacet
  facet normal 0.578119 -0.815953 0
    outer loop
      vertex -64.2273 35.2523 0
      vertex -64.2719 35.2207 1
      vertex -64.2719 35.2207 0
    endloop
  endfacet
  facet normal 0.767214 -0 0.641391
    outer loop
      vertex -56.4477 34.6465 1
      vertex -56.4477 36.3886 1
      vertex -56.6149 34.6465 1.2
    endloop
  endfacet
  facet normal -0 0 1
    outer loop
      vertex -65.9509 34.3138 1.2
      vertex -65.8914 34.2154 1.2
      vertex -64.5209 34.8165 1.2
    endloop
  endfacet
  facet normal 0 -0 1
    outer loop
      vertex -66.0224 34.5313 1.2
      vertex -64.5423 34.8964 1.2
      vertex -66.0308 34.6465 1.2
    endloop
  endfacet
  facet normal 0.89901 0.437928 -0
    outer loop
      vertex -55.7731 42.6695 0
      vertex -56.0379 43.2131 0
      vertex -55.7731 42.6695 1
    endloop
  endfacet
  facet normal 0.89901 0.437928 0
    outer loop
      vertex -56.0379 43.2131 1
      vertex -55.7731 42.6695 1
      vertex -56.0379 43.2131 0
    endloop
  endfacet
  facet normal 0.938907 0.344172 0
    outer loop
      vertex -55.7731 42.6695 1
      vertex -55.565 42.1018 1
      vertex -55.565 42.1018 0
    endloop
  endfacet
  facet normal 0.938907 0.344172 0
    outer loop
      vertex -55.7731 42.6695 1
      vertex -55.565 42.1018 0
      vertex -55.7731 42.6695 0
    endloop
  endfacet
  facet normal 0.695456 -0.323394 0.641683
    outer loop
      vertex -56.1383 37.485 1.2
      vertex -55.9905 37.406 1
      vertex -55.736 37.9533 1
    endloop
  endfacet
  facet normal 0 0 1
    outer loop
      vertex -65.6256 46.1835 1.2
      vertex -65.739 46.2402 1.2
      vertex -65.8607 46.2755 1.2
    endloop
  endfacet
  facet normal 0 0 1
    outer loop
      vertex -65.6256 46.1835 1.2
      vertex -65.8607 46.2755 1.2
      vertex -65.9862 46.2885 1.2
    endloop
  endfacet
  facet normal 0 0 1
    outer loop
      vertex -65.6256 46.1835 1.2
      vertex -65.9862 46.2885 1.2
      vertex -66.1116 46.2802 1.2
    endloop
  endfacet
  facet normal 0 0 1
    outer loop
      vertex -65.6256 46.1835 1.2
      vertex -66.1116 46.2802 1.2
      vertex -66.2342 46.2495 1.2
    endloop
  endfacet
  facet normal 0 0 1
    outer loop
      vertex -65.6256 46.1835 1.2
      vertex -66.2342 46.2495 1.2
      vertex -66.3494 46.1975 1.2
    endloop
  endfacet
  facet normal 0 0 1
    outer loop
      vertex -65.6256 46.1835 1.2
      vertex -66.3494 46.1975 1.2
      vertex -66.4544 46.1278 1.2
    endloop
  endfacet
  facet normal -0 0 1
    outer loop
      vertex -66.5446 46.0386 1.2
      vertex -66.6198 45.9364 1.2
      vertex -65.6256 46.1835 1.2
    endloop
  endfacet
  facet normal -0 0 1
    outer loop
      vertex -66.4544 46.1278 1.2
      vertex -66.5446 46.0386 1.2
      vertex -65.6256 46.1835 1.2
    endloop
  endfacet
  facet normal -0 0 1
    outer loop
      vertex -65.202 33.7071 1.2
      vertex -64.6482 33.4051 1.2
      vertex -64.3109 34.5638 1.2
    endloop
  endfacet
  facet normal 0 0 1
    outer loop
      vertex -64.2357 34.5285 1.2
      vertex -64.3109 34.5638 1.2
      vertex -64.6482 33.4051 1.2
    endloop
  endfacet
  facet normal 0 0 1
    outer loop
      vertex -64.0721 34.4997 1.2
      vertex -64.1548 34.5071 1.2
      vertex -64.0721 33.1506 1.2
    endloop
  endfacet
  facet normal -0 0 1
    outer loop
      vertex -66.6198 45.9364 1.2
      vertex -66.6746 45.8221 1.2
      vertex -65.6256 46.1835 1.2
    endloop
  endfacet
  facet normal 0.743848 0.193981 0.639579
    outer loop
      vertex -55.4126 41.5174 1
      vertex -55.565 42.1018 1
      vertex -55.7239 42.0517 1.2
    endloop
  endfacet
  facet normal 0.720769 0.26421 0.640847
    outer loop
      vertex -55.565 42.1018 1
      vertex -55.7731 42.6695 1
      vertex -55.9264 42.6026 1.2
    endloop
  endfacet
  facet normal 0.631129 0.775678 0
    outer loop
      vertex -56.1457 46.3025 1
      vertex -56.0314 46.2095 1
      vertex -56.0314 46.2095 0
    endloop
  endfacet
  facet normal 0.631129 0.775678 0
    outer loop
      vertex -56.1457 46.3025 1
      vertex -56.0314 46.2095 0
      vertex -56.1457 46.3025 0
    endloop
  endfacet
  facet normal 0.997524 -0.0703334 0
    outer loop
      vertex -56.4384 36.5205 1
      vertex -56.4477 36.3886 1
      vertex -56.4477 36.3886 0
    endloop
  endfacet
  facet normal 0 0 1
    outer loop
      vertex -66.71 45.7004 1.2
      vertex -65.4361 46.0172 1.2
      vertex -66.6746 45.8221 1.2
    endloop
  endfacet
  facet normal 0 0 1
    outer loop
      vertex -66.723 45.5731 1.2
      vertex -65.4361 46.0172 1.2
      vertex -66.71 45.7004 1.2
    endloop
  endfacet
  facet normal 0.721474 0.2652 0.639644
    outer loop
      vertex -55.565 42.1018 1
      vertex -55.9264 42.6026 1.2
      vertex -55.7239 42.0517 1.2
    endloop
  endfacet
  facet normal 0.752786 0.658266 -0
    outer loop
      vertex -55.9339 46.098 0
      vertex -56.0314 46.2095 1
      vertex -55.9339 46.098 1
    endloop
  endfacet
  facet normal 0.752786 0.658266 0
    outer loop
      vertex -56.0314 46.2095 1
      vertex -55.9339 46.098 0
      vertex -56.0314 46.2095 0
    endloop
  endfacet
  facet normal 0.766094 -0.0540157 0.640455
    outer loop
      vertex -56.6149 36.3886 1.2
      vertex -56.4477 36.3886 1
      vertex -56.4384 36.5205 1
    endloop
  endfacet
  facet normal 0 0 1
    outer loop
      vertex -55.9339 45.4263 1.2
      vertex -57.2096 46.0172 1.2
      vertex -55.9655 45.3101 1.2
    endloop
  endfacet
  facet normal 0.848834 0.52866 0
    outer loop
      vertex -55.9339 46.098 1
      vertex -55.8558 45.9726 1
      vertex -55.8558 45.9726 0
    endloop
  endfacet
  facet normal 0.848834 0.52866 0
    outer loop
      vertex -55.9339 46.098 1
      vertex -55.8558 45.9726 0
      vertex -55.9339 46.098 0
    endloop
  endfacet
  facet normal 0.696984 -0.325975 0.638713
    outer loop
      vertex -55.736 37.9533 1
      vertex -55.8893 38.0174 1.2
      vertex -56.1383 37.485 1.2
    endloop
  endfacet
  facet normal 0.690093 0.33616 0.640912
    outer loop
      vertex -56.0379 43.2131 1
      vertex -56.1838 43.1313 1.2
      vertex -55.7731 42.6695 1
    endloop
  endfacet
  facet normal 0.923596 0.383367 0
    outer loop
      vertex -55.8558 45.9726 1
      vertex -55.7991 45.836 1
      vertex -55.7991 45.836 0
    endloop
  endfacet
  facet normal 0.923596 0.383367 0
    outer loop
      vertex -55.8558 45.9726 1
      vertex -55.7991 45.836 0
      vertex -55.8558 45.9726 0
    endloop
  endfacet
  facet normal -0.966719 -0.255842 0
    outer loop
      vertex -58.2678 35.0349 0
      vertex -58.2678 35.0349 1
      vertex -58.2818 35.0878 1
    endloop
  endfacet
  facet normal 0.443606 -0.626102 0.641256
    outer loop
      vertex -64.2273 35.2523 1
      vertex -64.3788 35.3498 1.2
      vertex -64.2719 35.2207 1
    endloop
  endfacet
  facet normal 0.726214 -0.255077 0.638395
    outer loop
      vertex -55.8893 38.0174 1.2
      vertex -55.736 37.9533 1
      vertex -55.5353 38.5247 1
    endloop
  endfacet
  facet normal 0.710681 0.295745 0.638332
    outer loop
      vertex -56.0035 45.8955 1.2
      vertex -55.9571 45.784 1.2
      vertex -55.7991 45.836 1
    endloop
  endfacet
  facet normal 0.749001 0.178408 0.638097
    outer loop
      vertex -55.9571 45.784 1.2
      vertex -55.7648 45.692 1
      vertex -55.7991 45.836 1
    endloop
  endfacet
  facet normal 0.689947 0.335904 0.641204
    outer loop
      vertex -56.1838 43.1313 1.2
      vertex -55.9264 42.6026 1.2
      vertex -55.7731 42.6695 1
    endloop
  endfacet
  facet normal 0.859778 -0.510669 0
    outer loop
      vertex -56.299 36.8866 0
      vertex -55.9905 37.406 0
      vertex -55.9905 37.406 1
    endloop
  endfacet
  facet normal 0.859778 -0.510669 0
    outer loop
      vertex -56.299 36.8866 0
      vertex -55.9905 37.406 1
      vertex -56.299 36.8866 1
    endloop
  endfacet
  facet normal 0 -0 1
    outer loop
      vertex -56.0156 45.2005 1.2
      vertex -55.9655 45.3101 1.2
      vertex -57.2096 46.0172 1.2
    endloop
  endfacet
  facet normal 0 0 1
    outer loop
      vertex -55.9227 45.5461 1.2
      vertex -57.2096 46.0172 1.2
      vertex -55.9339 45.4263 1.2
    endloop
  endfacet
  facet normal 0 0 1
    outer loop
      vertex -55.9301 45.6669 1.2
      vertex -57.1259 46.1045 1.2
      vertex -55.9227 45.5461 1.2
    endloop
  endfacet
  facet normal 0 0 1
    outer loop
      vertex -55.9571 45.784 1.2
      vertex -57.1259 46.1045 1.2
      vertex -55.9301 45.6669 1.2
    endloop
  endfacet
  facet normal 0 -0 1
    outer loop
      vertex -56.0825 45.1011 1.2
      vertex -56.0156 45.2005 1.2
      vertex -57.2096 46.0172 1.2
    endloop
  endfacet
  facet normal 0.710738 0.295013 0.638607
    outer loop
      vertex -55.8558 45.9726 1
      vertex -56.0035 45.8955 1.2
      vertex -55.7991 45.836 1
    endloop
  endfacet
  facet normal 0.653594 0.402041 0.641232
    outer loop
      vertex -56.4913 43.6312 1.2
      vertex -56.1838 43.1313 1.2
      vertex -56.0379 43.2131 1
    endloop
  endfacet
  facet normal 0.652201 0.406196 0.64003
    outer loop
      vertex -55.9339 46.098 1
      vertex -56.0677 45.9977 1.2
      vertex -55.8558 45.9726 1
    endloop
  endfacet
  facet normal 0 -0 1
    outer loop
      vertex -56.5294 44.525 1.2
      vertex -56.4542 44.6365 1.2
      vertex -57.2096 46.0172 1.2
    endloop
  endfacet
  facet normal 0.653477 0.401778 0.641516
    outer loop
      vertex -56.4913 43.6312 1.2
      vertex -56.0379 43.2131 1
      vertex -56.3538 43.7269 1
    endloop
  endfacet
  facet normal 0.666717 0.3809 0.640628
    outer loop
      vertex -56.3538 43.7269 1
      vertex -56.5582 43.7483 1.2
      vertex -56.4913 43.6312 1.2
    endloop
  endfacet
  facet normal 0.0683589 -0.763957 0.641636
    outer loop
      vertex -64.1548 35.4539 1.2
      vertex -64.126 35.2885 1
      vertex -64.0721 35.4613 1.2
    endloop
  endfacet
  facet normal -0.701047 -0.317106 0.638731
    outer loop
      vertex -58.2818 35.0878 1
      vertex -58.1601 35.2216 1.2
      vertex -58.3041 35.1371 1
    endloop
  endfacet
  facet normal 0.651454 0.40923 0.638857
    outer loop
      vertex -55.8558 45.9726 1
      vertex -56.0677 45.9977 1.2
      vertex -56.0035 45.8955 1.2
    endloop
  endfacet
  facet normal -0.994834 0.101514 0
    outer loop
      vertex -58.2678 34.9261 1
      vertex -58.2623 34.98 1
      vertex -58.2678 34.9261 0
    endloop
  endfacet
  facet normal 0.665474 0.386104 0.638802
    outer loop
      vertex -56.5582 43.7483 1.2
      vertex -56.3538 43.7269 1
      vertex -56.4077 43.8198 1
    endloop
  endfacet
  facet normal -0.781442 -0.623978 -0
    outer loop
      vertex -66.6923 44.9961 1
      vertex -66.6923 44.9961 0
      vertex -66.3206 44.5306 1
    endloop
  endfacet
  facet normal 0.577846 0.506016 0.640346
    outer loop
      vertex -56.1466 46.0878 1.2
      vertex -56.0677 45.9977 1.2
      vertex -55.9339 46.098 1
    endloop
  endfacet
  facet normal 0.872207 -0.489138 0
    outer loop
      vertex -56.3631 36.7723 1
      vertex -56.3631 36.7723 0
      vertex -56.299 36.8866 1
    endloop
  endfacet
  facet normal 0.872207 -0.489138 0
    outer loop
      vertex -56.299 36.8866 0
      vertex -56.299 36.8866 1
      vertex -56.3631 36.7723 0
    endloop
  endfacet
  facet normal 0.967638 0.252341 -0
    outer loop
      vertex -55.565 42.1018 0
      vertex -55.565 42.1018 1
      vertex -55.4126 41.5174 0
    endloop
  endfacet
  facet normal 0.967638 0.252341 0
    outer loop
      vertex -55.4126 41.5174 1
      vertex -55.4126 41.5174 0
      vertex -55.565 42.1018 1
    endloop
  endfacet
  facet normal -0.995019 -0.0996832 -0
    outer loop
      vertex -58.2623 34.98 1
      vertex -58.2678 35.0349 0
      vertex -58.2623 34.98 0
    endloop
  endfacet
  facet normal 0 0 1
    outer loop
      vertex -56.0825 45.1011 1.2
      vertex -57.2096 46.0172 1.2
      vertex -56.4542 44.6365 1.2
    endloop
  endfacet
  facet normal -0.766088 -0.0541629 0.64045
    outer loop
      vertex -66.0308 36.3886 1.2
      vertex -66.0419 36.5456 1.2
      vertex -66.198 36.3886 1
    endloop
  endfacet
  facet normal 0.578071 0.505488 0.640559
    outer loop
      vertex -56.0314 46.2095 1
      vertex -56.1466 46.0878 1.2
      vertex -55.9339 46.098 1
    endloop
  endfacet
  facet normal -0.600162 0.480112 0.639764
    outer loop
      vertex -58.4314 44.7564 1
      vertex -58.3022 44.6514 1.2
      vertex -57.2096 46.0172 1.2
    endloop
  endfacet
  facet normal -0.906183 -0.422885 -0
    outer loop
      vertex -66.2157 44.3448 1
      vertex -66.2612 44.4423 1
      vertex -66.2157 44.3448 0
    endloop
  endfacet
  facet normal -0.906183 -0.422885 0
    outer loop
      vertex -66.2612 44.4423 0
      vertex -66.2157 44.3448 0
      vertex -66.2612 44.4423 1
    endloop
  endfacet
  facet normal 0.196167 -0.741584 0.641538
    outer loop
      vertex -64.126 35.2885 1
      vertex -64.1548 35.4539 1.2
      vertex -64.2357 35.4325 1.2
    endloop
  endfacet
  facet normal -0.637319 0.431679 0.63834
    outer loop
      vertex -58.4314 44.7564 1
      vertex -58.4843 44.6783 1
      vertex -58.3022 44.6514 1.2
    endloop
  endfacet
  facet normal 0 0 1
    outer loop
      vertex -57.2096 46.0172 1.2
      vertex -58.3022 44.6514 1.2
      vertex -56.5294 44.525 1.2
    endloop
  endfacet
  facet normal 0.483239 0.596187 0.641125
    outer loop
      vertex -56.0314 46.2095 1
      vertex -56.2395 46.1631 1.2
      vertex -56.1466 46.0878 1.2
    endloop
  endfacet
  facet normal 0.326418 -0.695373 0.64024
    outer loop
      vertex -64.2273 35.2523 1
      vertex -64.2357 35.4325 1.2
      vertex -64.3109 35.3972 1.2
    endloop
  endfacet
  facet normal -0.599582 0.479376 0.640859
    outer loop
      vertex -57.3387 46.1231 1
      vertex -58.4314 44.7564 1
      vertex -57.2096 46.0172 1.2
    endloop
  endfacet
  facet normal 0.972784 0.231712 0
    outer loop
      vertex -55.7991 45.836 1
      vertex -55.7648 45.692 1
      vertex -55.7648 45.692 0
    endloop
  endfacet
  facet normal 0.972784 0.231712 0
    outer loop
      vertex -55.7991 45.836 1
      vertex -55.7648 45.692 0
      vertex -55.7991 45.836 0
    endloop
  endfacet
  facet normal 0 0 1
    outer loop
      vertex -56.5861 44.4033 1.2
      vertex -58.3022 44.6514 1.2
      vertex -56.6223 44.2742 1.2
    endloop
  endfacet
  facet normal -0.749286 -0.16913 0.640286
    outer loop
      vertex -66.0419 36.5456 1.2
      vertex -66.0763 36.698 1.2
      vertex -66.2361 36.6488 1
    endloop
  endfacet
  facet normal -0.627323 -0.444471 0.639462
    outer loop
      vertex -58.3041 35.1371 1
      vertex -58.1601 35.2216 1.2
      vertex -58.3357 35.1817 1
    endloop
  endfacet
  facet normal -0.82973 -0.558165 0
    outer loop
      vertex -66.2612 44.4423 0
      vertex -66.2612 44.4423 1
      vertex -66.3206 44.5306 0
    endloop
  endfacet
  facet normal -0.82973 -0.558165 -0
    outer loop
      vertex -66.3206 44.5306 1
      vertex -66.3206 44.5306 0
      vertex -66.2612 44.4423 1
    endloop
  endfacet
  facet normal 0.998047 0.0624619 -0
    outer loop
      vertex -55.7555 45.5434 0
      vertex -55.7648 45.692 0
      vertex -55.7555 45.5434 1
    endloop
  endfacet
  facet normal 0.998047 0.0624619 0
    outer loop
      vertex -55.7648 45.692 1
      vertex -55.7555 45.5434 1
      vertex -55.7648 45.692 0
    endloop
  endfacet
  facet normal 0 0 1
    outer loop
      vertex -58.3886 44.4052 1.2
      vertex -58.3886 43.6173 1.2
      vertex -56.6381 44.1404 1.2
    endloop
  endfacet
  facet normal 0 -0 1
    outer loop
      vertex -56.6381 44.1404 1.2
      vertex -56.6223 44.2742 1.2
      vertex -58.3886 44.4052 1.2
    endloop
  endfacet
  facet normal -0.717396 -0.273879 0.640573
    outer loop
      vertex -66.132 36.8439 1.2
      vertex -66.2361 36.6488 1
      vertex -66.0763 36.698 1.2
    endloop
  endfacet
  facet normal 0.76705 0.0469882 0.639864
    outer loop
      vertex -55.7648 45.692 1
      vertex -55.9301 45.6669 1.2
      vertex -55.9227 45.5461 1.2
    endloop
  endfacet
  facet normal -0.720202 -0.270586 0.638821
    outer loop
      vertex -66.2825 36.7723 1
      vertex -66.2361 36.6488 1
      vertex -66.132 36.8439 1.2
    endloop
  endfacet
  facet normal -0.996181 0.0873105 0
    outer loop
      vertex -58.5466 44.4999 1
      vertex -58.5466 44.4999 0
      vertex -58.5549 44.4052 1
    endloop
  endfacet
  facet normal -0.996181 0.0873105 0
    outer loop
      vertex -58.5549 44.4052 0
      vertex -58.5549 44.4052 1
      vertex -58.5466 44.4999 0
    endloop
  endfacet
  facet normal 0.935861 -0.352369 0
    outer loop
      vertex -56.4096 36.6488 0
      vertex -56.3631 36.7723 0
      vertex -56.4096 36.6488 1
    endloop
  endfacet
  facet normal -0.969644 0.244519 0
    outer loop
      vertex -58.5466 44.4999 1
      vertex -58.5234 44.5919 1
      vertex -58.5234 44.5919 0
    endloop
  endfacet
  facet normal -0.637723 -0.429 0.639741
    outer loop
      vertex -66.3206 44.5306 1
      vertex -66.2612 44.4423 1
      vertex -66.1162 44.525 1.2
    endloop
  endfacet
  facet normal -0.670359 -0.376706 0.639306
    outer loop
      vertex -66.2825 36.7723 1
      vertex -66.132 36.8439 1.2
      vertex -66.2082 36.9795 1.2
    endloop
  endfacet
  facet normal 0.439736 -0.629917 0.640185
    outer loop
      vertex -64.2273 35.2523 1
      vertex -64.3109 35.3972 1.2
      vertex -64.3788 35.3498 1.2
    endloop
  endfacet
  facet normal 0 0 1
    outer loop
      vertex -56.6326 44.0056 1.2
      vertex -56.6381 44.1404 1.2
      vertex -58.3886 43.6173 1.2
    endloop
  endfacet
  facet normal 0.766649 0.0479801 0.640271
    outer loop
      vertex -55.7648 45.692 1
      vertex -55.9227 45.5461 1.2
      vertex -55.7555 45.5434 1
    endloop
  endfacet
  facet normal 0.935861 -0.352369 0
    outer loop
      vertex -56.3631 36.7723 1
      vertex -56.4096 36.6488 1
      vertex -56.3631 36.7723 0
    endloop
  endfacet
  facet normal -0.637283 -0.43038 0.639252
    outer loop
      vertex -66.3206 44.5306 1
      vertex -66.1162 44.525 1.2
      vertex -66.1915 44.6365 1.2
    endloop
  endfacet
  facet normal -0.969644 0.244519 0
    outer loop
      vertex -58.5466 44.4999 1
      vertex -58.5234 44.5919 0
      vertex -58.5466 44.4999 0
    endloop
  endfacet
  facet normal -0.766151 -0.0540197 0.640386
    outer loop
      vertex -66.2073 36.5205 1
      vertex -66.198 36.3886 1
      vertex -66.0419 36.5456 1.2
    endloop
  endfacet
  facet normal -0.911124 -0.412131 0
    outer loop
      vertex -58.2818 35.0878 1
      vertex -58.3041 35.1371 1
      vertex -58.3041 35.1371 0
    endloop
  endfacet
  facet normal -0.911051 0.412293 0
    outer loop
      vertex -58.4843 44.6783 1
      vertex -58.4843 44.6783 0
      vertex -58.5234 44.5919 1
    endloop
  endfacet
  facet normal -0.911051 0.412293 0
    outer loop
      vertex -58.5234 44.5919 0
      vertex -58.5234 44.5919 1
      vertex -58.4843 44.6783 0
    endloop
  endfacet
  facet normal 0 0 1
    outer loop
      vertex -56.6056 43.8737 1.2
      vertex -56.6326 44.0056 1.2
      vertex -58.3886 43.6173 1.2
    endloop
  endfacet
  facet normal -0.82795 0.560801 0
    outer loop
      vertex -58.4843 44.6783 1
      vertex -58.4314 44.7564 1
      vertex -58.4314 44.7564 0
    endloop
  endfacet
  facet normal -0.82795 0.560801 0
    outer loop
      vertex -58.4843 44.6783 1
      vertex -58.4314 44.7564 0
      vertex -58.4843 44.6783 0
    endloop
  endfacet
  facet normal -0.815953 -0.578119 0
    outer loop
      vertex -58.3357 35.1817 1
      vertex -58.3041 35.1371 0
      vertex -58.3041 35.1371 1
    endloop
  endfacet
  facet normal -0.963796 -0.266641 -0
    outer loop
      vertex -66.2157 44.3448 1
      vertex -66.2157 44.3448 0
      vertex -66.1869 44.2407 0
    endloop
  endfacet
  facet normal -0.781053 0.624465 0
    outer loop
      vertex -58.4314 44.7564 1
      vertex -57.3387 46.1231 1
      vertex -58.4314 44.7564 0
    endloop
  endfacet
  facet normal -0.781053 0.624465 0
    outer loop
      vertex -57.3387 46.1231 0
      vertex -58.4314 44.7564 0
      vertex -57.3387 46.1231 1
    endloop
  endfacet
  facet normal -0.749173 -0.16817 0.640671
    outer loop
      vertex -66.2073 36.5205 1
      vertex -66.0419 36.5456 1.2
      vertex -66.2361 36.6488 1
    endloop
  endfacet
  facet normal -0.715312 -0.698805 0
    outer loop
      vertex -58.3738 35.2207 0
      vertex -58.3357 35.1817 0
      vertex -58.3738 35.2207 1
    endloop
  endfacet
  facet normal -0.696659 -0.325107 0.639509
    outer loop
      vertex -66.2612 44.4423 1
      vertex -66.2157 44.3448 1
      vertex -66.1162 44.525 1.2
    endloop
  endfacet
  facet normal -0.642931 0.418251 0.641643
    outer loop
      vertex -58.3022 44.6514 1.2
      vertex -58.4843 44.6783 1
      vertex -58.3385 44.5956 1.2
    endloop
  endfacet
  facet normal -0 0 1
    outer loop
      vertex -58.3691 43.4965 1.2
      vertex -58.345 43.4398 1.2
      vertex -56.6056 43.8737 1.2
    endloop
  endfacet
  facet normal -0 0 1
    outer loop
      vertex -58.3831 43.5559 1.2
      vertex -58.3691 43.4965 1.2
      vertex -56.6056 43.8737 1.2
    endloop
  endfacet
  facet normal -0 0 1
    outer loop
      vertex -58.3886 43.6173 1.2
      vertex -58.3831 43.5559 1.2
      vertex -56.6056 43.8737 1.2
    endloop
  endfacet
  facet normal -0 0 1
    outer loop
      vertex -57.6184 42.4911 1.2
      vertex -57.374 42.0126 1.2
      vertex -56.1838 43.1313 1.2
    endloop
  endfacet
  facet normal -1 0 0
    outer loop
      vertex -66.198 36.3886 0
      vertex -66.198 34.6465 0
      vertex -66.198 36.3886 1
    endloop
  endfacet
  facet normal -0.70017 0.31686 0.639814
    outer loop
      vertex -58.5234 44.5919 1
      vertex -58.3663 44.5352 1.2
      vertex -58.4843 44.6783 1
    endloop
  endfacet
  facet normal 0.196167 0.741584 0.641538
    outer loop
      vertex -64.2357 34.5285 1.2
      vertex -64.1548 34.5071 1.2
      vertex -64.126 34.6725 1
    endloop
  endfacet
  facet normal -0.697242 0.320916 0.640988
    outer loop
      vertex -58.3663 44.5352 1.2
      vertex -58.3385 44.5956 1.2
      vertex -58.4843 44.6783 1
    endloop
  endfacet
  facet normal -0.994834 0.101514 0
    outer loop
      vertex -58.2623 34.98 0
      vertex -58.2678 34.9261 0
      vertex -58.2623 34.98 1
    endloop
  endfacet
  facet normal -0.745765 0.188062 0.639114
    outer loop
      vertex -58.5234 44.5919 1
      vertex -58.5466 44.4999 1
      vertex -58.3663 44.5352 1.2
    endloop
  endfacet
  facet normal -0.740513 -0.204868 0.640055
    outer loop
      vertex -66.2157 44.3448 1
      vertex -66.1869 44.2407 1
      vertex -66.0233 44.2742 1.2
    endloop
  endfacet
  facet normal 0.19467 0.742265 0.641207
    outer loop
      vertex -64.126 34.6725 1
      vertex -64.179 34.6864 1
      vertex -64.2357 34.5285 1.2
    endloop
  endfacet
  facet normal -0.997524 -0.0703334 0
    outer loop
      vertex -66.2073 36.5205 0
      vertex -66.198 36.3886 0
      vertex -66.198 36.3886 1
    endloop
  endfacet
  facet normal -0.997524 -0.0703334 0
    outer loop
      vertex -66.2073 36.5205 0
      vertex -66.198 36.3886 1
      vertex -66.2073 36.5205 1
    endloop
  endfacet
  facet normal -0.745135 0.198388 0.636723
    outer loop
      vertex -58.3663 44.5352 1.2
      vertex -58.5466 44.4999 1
      vertex -58.3831 44.4721 1.2
    endloop
  endfacet
  facet normal -0.350353 0.683444 0.640435
    outer loop
      vertex -56.9243 46.2318 1.2
      vertex -57.1194 46.3192 1
      vertex -57.0312 46.177 1.2
    endloop
  endfacet
  facet normal -0.74056 -0.208229 0.638914
    outer loop
      vertex -66.2157 44.3448 1
      vertex -66.0233 44.2742 1.2
      vertex -66.0596 44.4033 1.2
    endloop
  endfacet
  facet normal 0.97572 -0.219024 0
    outer loop
      vertex -56.4096 36.6488 1
      vertex -56.4384 36.5205 1
      vertex -56.4096 36.6488 0
    endloop
  endfacet
  facet normal 0.97572 -0.219024 0
    outer loop
      vertex -56.4384 36.5205 0
      vertex -56.4096 36.6488 0
      vertex -56.4384 36.5205 1
    endloop
  endfacet
  facet normal -0.97572 -0.219024 0
    outer loop
      vertex -66.2361 36.6488 0
      vertex -66.2073 36.5205 0
      vertex -66.2073 36.5205 1
    endloop
  endfacet
  facet normal -0.97572 -0.219024 0
    outer loop
      vertex -66.2361 36.6488 0
      vertex -66.2073 36.5205 1
      vertex -66.2361 36.6488 1
    endloop
  endfacet
  facet normal -0.767174 0.0672391 0.637905
    outer loop
      vertex -58.5466 44.4999 1
      vertex -58.5549 44.4052 1
      vertex -58.3886 44.4052 1.2
    endloop
  endfacet
  facet normal -0 0 1
    outer loop
      vertex -58.3886 44.4052 1.2
      vertex -56.6223 44.2742 1.2
      vertex -58.3831 44.4721 1.2
    endloop
  endfacet
  facet normal 0 0 1
    outer loop
      vertex -58.3663 44.5352 1.2
      vertex -58.3831 44.4721 1.2
      vertex -56.6223 44.2742 1.2
    endloop
  endfacet
  facet normal -0 0 1
    outer loop
      vertex -58.3663 44.5352 1.2
      vertex -56.6223 44.2742 1.2
      vertex -58.3385 44.5956 1.2
    endloop
  endfacet
  facet normal -0 0 1
    outer loop
      vertex -58.3385 44.5956 1.2
      vertex -56.6223 44.2742 1.2
      vertex -58.3022 44.6514 1.2
    endloop
  endfacet
  facet normal 0 -0 1
    outer loop
      vertex -56.5861 44.4033 1.2
      vertex -56.5294 44.525 1.2
      vertex -58.3022 44.6514 1.2
    endloop
  endfacet
  facet normal 0.0683589 0.763957 0.641636
    outer loop
      vertex -64.126 34.6725 1
      vertex -64.1548 34.5071 1.2
      vertex -64.0721 34.4997 1.2
    endloop
  endfacet
  facet normal -0.467153 0.610198 0.639865
    outer loop
      vertex -57.1194 46.3192 1
      vertex -57.1259 46.1045 1.2
      vertex -57.0312 46.177 1.2
    endloop
  endfacet
  facet normal -0.697354 -0.324324 0.639149
    outer loop
      vertex -66.1162 44.525 1.2
      vertex -66.2157 44.3448 1
      vertex -66.0596 44.4033 1.2
    endloop
  endfacet
  facet normal -0.936111 -0.351705 -0
    outer loop
      vertex -66.2825 36.7723 1
      vertex -66.2825 36.7723 0
      vertex -66.2361 36.6488 1
    endloop
  endfacet
  facet normal -0.936111 -0.351705 0
    outer loop
      vertex -66.2361 36.6488 0
      vertex -66.2361 36.6488 1
      vertex -66.2825 36.7723 0
    endloop
  endfacet
  facet normal 0.0666037 0.763817 0.641988
    outer loop
      vertex -64.126 34.6725 1
      vertex -64.0721 34.4997 1.2
      vertex -64.0721 34.6678 1
    endloop
  endfacet
  facet normal -0.865363 0.501146 0
    outer loop
      vertex -66.238 43.8198 0
      vertex -66.2918 43.7269 1
      vertex -66.238 43.8198 1
    endloop
  endfacet
  facet normal -0.868944 -0.49491 -0
    outer loop
      vertex -66.3476 36.8866 1
      vertex -66.3476 36.8866 0
      vertex -66.2825 36.7723 1
    endloop
  endfacet
  facet normal -0.768349 0.0631677 0.636906
    outer loop
      vertex -58.5466 44.4999 1
      vertex -58.3886 44.4052 1.2
      vertex -58.3831 44.4721 1.2
    endloop
  endfacet
  facet normal -0.664332 0.384726 0.640819
    outer loop
      vertex -66.1543 43.6312 1.2
      vertex -66.238 43.8198 1
      vertex -66.2918 43.7269 1
    endloop
  endfacet
  facet normal 0.767139 0.0679047 0.637876
    outer loop
      vertex -64.3834 34.98 1
      vertex -64.5497 34.98 1.2
      vertex -64.5423 34.8964 1.2
    endloop
  endfacet
  facet normal -0.868944 -0.49491 0
    outer loop
      vertex -66.2825 36.7723 0
      vertex -66.2825 36.7723 1
      vertex -66.3476 36.8866 0
    endloop
  endfacet
  facet normal -0.666817 -0.379788 0.641183
    outer loop
      vertex -66.2825 36.7723 1
      vertex -66.2082 36.9795 1.2
      vertex -66.3476 36.8866 1
    endloop
  endfacet
  facet normal -1 -0 -0
    outer loop
      vertex -58.5549 44.4052 1
      vertex -58.5549 44.4052 0
      vertex -58.5549 43.6173 1
    endloop
  endfacet
  facet normal -1 0 0
    outer loop
      vertex -58.5549 43.6173 0
      vertex -58.5549 43.6173 1
      vertex -58.5549 44.4052 0
    endloop
  endfacet
  facet normal 0.764067 0.0793836 0.640234
    outer loop
      vertex -64.5423 34.8964 1.2
      vertex -64.3778 34.9261 1
      vertex -64.3834 34.98 1
    endloop
  endfacet
  facet normal -0.935987 0.352035 0
    outer loop
      vertex -66.238 43.8198 1
      vertex -66.1999 43.9211 1
      vertex -66.238 43.8198 0
    endloop
  endfacet
  facet normal -0.935987 0.352035 0
    outer loop
      vertex -66.1999 43.9211 0
      vertex -66.238 43.8198 0
      vertex -66.1999 43.9211 1
    endloop
  endfacet
  facet normal -0.715312 0.698805 0
    outer loop
      vertex -58.3357 34.7793 0
      vertex -58.3738 34.7403 0
      vertex -58.3357 34.7793 1
    endloop
  endfacet
  facet normal -0.768914 0 0.639352
    outer loop
      vertex -58.5549 43.6173 1
      vertex -58.3886 44.4052 1.2
      vertex -58.5549 44.4052 1
    endloop
  endfacet
  facet normal 0.742218 0.198792 0.639995
    outer loop
      vertex -64.3778 34.9261 1
      vertex -64.5423 34.8964 1.2
      vertex -64.5209 34.8165 1.2
    endloop
  endfacet
  facet normal -0 0 1
    outer loop
      vertex -58.3134 43.3868 1.2
      vertex -58.2743 43.3404 1.2
      vertex -56.6056 43.8737 1.2
    endloop
  endfacet
  facet normal -0 0 1
    outer loop
      vertex -58.345 43.4398 1.2
      vertex -58.3134 43.3868 1.2
      vertex -56.6056 43.8737 1.2
    endloop
  endfacet
  facet normal -0 0 1
    outer loop
      vertex -58.2743 43.3404 1.2
      vertex -57.9203 42.9362 1.2
      vertex -56.6056 43.8737 1.2
    endloop
  endfacet
  facet normal 0 0 1
    outer loop
      vertex -56.4913 43.6312 1.2
      vertex -56.5582 43.7483 1.2
      vertex -57.9203 42.9362 1.2
    endloop
  endfacet
  facet normal 0 0 1
    outer loop
      vertex -56.5582 43.7483 1.2
      vertex -56.6056 43.8737 1.2
      vertex -57.9203 42.9362 1.2
    endloop
  endfacet
  facet normal -0 0 1
    outer loop
      vertex -57.9203 42.9362 1.2
      vertex -57.6184 42.4911 1.2
      vertex -56.4913 43.6312 1.2
    endloop
  endfacet
  facet normal -0.906695 -0.421788 -0
    outer loop
      vertex -66.9097 37.9533 1
      vertex -66.9097 37.9533 0
      vertex -66.6551 37.406 1
    endloop
  endfacet
  facet normal -0.906695 -0.421788 0
    outer loop
      vertex -66.6551 37.406 0
      vertex -66.6551 37.406 1
      vertex -66.9097 37.9533 0
    endloop
  endfacet
  facet normal -0.76239 -0.647118 -0
    outer loop
      vertex -58.449 43.2883 1
      vertex -58.449 43.2883 0
      vertex -58.3923 43.2215 1
    endloop
  endfacet
  facet normal -0.943492 -0.331395 -0
    outer loop
      vertex -66.9097 37.9533 1
      vertex -67.1104 38.5247 1
      vertex -66.9097 37.9533 0
    endloop
  endfacet
  facet normal -0.943492 -0.331395 0
    outer loop
      vertex -67.1104 38.5247 0
      vertex -66.9097 37.9533 0
      vertex -67.1104 38.5247 1
    endloop
  endfacet
  facet normal -0.549019 0.53635 0.64102
    outer loop
      vertex -58.3738 34.7403 1
      vertex -58.2074 34.6716 1.2
      vertex -58.3357 34.7793 1
    endloop
  endfacet
  facet normal 0.698542 0.323603 0.638216
    outer loop
      vertex -64.3416 34.8239 1
      vertex -64.5209 34.8165 1.2
      vertex -64.4856 34.7403 1.2
    endloop
  endfacet
  facet normal -0.76239 -0.647118 0
    outer loop
      vertex -58.3923 43.2215 -2.13181e-12
      vertex -58.3923 43.2215 1
      vertex -58.449 43.2883 0
    endloop
  endfacet
  facet normal -0.726214 -0.255077 0.638395
    outer loop
      vertex -66.9097 37.9533 1
      vertex -66.7564 38.0174 1.2
      vertex -67.1104 38.5247 1
    endloop
  endfacet
  facet normal 0.660737 -0.392448 0.639852
    outer loop
      vertex -56.4375 36.9795 1.2
      vertex -56.299 36.8866 1
      vertex -55.9905 37.406 1
    endloop
  endfacet
  facet normal 0 0 1
    outer loop
      vertex -55.9264 42.6026 1.2
      vertex -56.1838 43.1313 1.2
      vertex -57.374 42.0126 1.2
    endloop
  endfacet
  facet normal 0.628126 0.44504 0.638277
    outer loop
      vertex -64.4856 34.7403 1.2
      vertex -64.31 34.7793 1
      vertex -64.3416 34.8239 1
    endloop
  endfacet
  facet normal -0.815953 0.578119 0
    outer loop
      vertex -58.3041 34.8239 1
      vertex -58.3041 34.8239 0
      vertex -58.3357 34.7793 1
    endloop
  endfacet
  facet normal -0.979856 0.199704 0
    outer loop
      vertex -66.1785 44.0261 0
      vertex -66.1999 43.9211 0
      vertex -66.1999 43.9211 1
    endloop
  endfacet
  facet normal -0.979856 0.199704 0
    outer loop
      vertex -66.1785 44.0261 0
      vertex -66.1999 43.9211 1
      vertex -66.1785 44.0261 1
    endloop
  endfacet
  facet normal -0.69556 -0.32357 0.641481
    outer loop
      vertex -66.9097 37.9533 1
      vertex -66.6551 37.406 1
      vertex -66.5074 37.485 1.2
    endloop
  endfacet
  facet normal 0.632294 0.436255 0.640224
    outer loop
      vertex -64.4856 34.7403 1.2
      vertex -64.4382 34.6716 1.2
      vertex -64.31 34.7793 1
    endloop
  endfacet
  facet normal -0.66775 0.38149 0.639199
    outer loop
      vertex -66.238 43.8198 1
      vertex -66.1543 43.6312 1.2
      vertex -66.0874 43.7483 1.2
    endloop
  endfacet
  facet normal 0 0 1
    outer loop
      vertex -57.374 42.0126 1.2
      vertex -55.7239 42.0517 1.2
      vertex -55.9264 42.6026 1.2
    endloop
  endfacet
  facet normal -0.852601 -0.522562 0
    outer loop
      vertex -58.4946 43.3627 0
      vertex -58.449 43.2883 0
      vertex -58.4946 43.3627 1
    endloop
  endfacet
  facet normal -0.852601 -0.522562 -0
    outer loop
      vertex -58.449 43.2883 1
      vertex -58.4946 43.3627 1
      vertex -58.449 43.2883 0
    endloop
  endfacet
  facet normal 0.997524 -0.0703334 0
    outer loop
      vertex -56.4477 36.3886 0
      vertex -56.4384 36.5205 0
      vertex -56.4384 36.5205 1
    endloop
  endfacet
  facet normal -0.543783 0.543783 0.639218
    outer loop
      vertex -58.2074 34.6716 1.2
      vertex -58.3738 34.7403 1
      vertex -58.2669 34.6121 1.2
    endloop
  endfacet
  facet normal -0.719604 0.270651 0.639467
    outer loop
      vertex -66.1999 43.9211 1
      vertex -66.238 43.8198 1
      vertex -66.04 43.8737 1.2
    endloop
  endfacet
  facet normal 0 0 1
    outer loop
      vertex -56.1838 43.1313 1.2
      vertex -56.4913 43.6312 1.2
      vertex -57.6184 42.4911 1.2
    endloop
  endfacet
  facet normal 0.549116 0.536444 0.640858
    outer loop
      vertex -64.2719 34.7403 1
      vertex -64.31 34.7793 1
      vertex -64.4382 34.6716 1.2
    endloop
  endfacet
  facet normal -0.925637 -0.378412 0
    outer loop
      vertex -58.4946 43.3627 1
      vertex -58.528 43.4444 1
      vertex -58.528 43.4444 0
    endloop
  endfacet
  facet normal -0.925637 -0.378412 -0
    outer loop
      vertex -58.4946 43.3627 1
      vertex -58.528 43.4444 0
      vertex -58.4946 43.3627 0
    endloop
  endfacet
  facet normal -0.696984 -0.325975 0.638713
    outer loop
      vertex -66.9097 37.9533 1
      vertex -66.5074 37.485 1.2
      vertex -66.7564 38.0174 1.2
    endloop
  endfacet
  facet normal -0.719507 0.271967 0.639017
    outer loop
      vertex -66.04 43.8737 1.2
      vertex -66.238 43.8198 1
      vertex -66.0874 43.7483 1.2
    endloop
  endfacet
  facet normal 0 0 1
    outer loop
      vertex -57.0144 40.4461 1.2
      vertex -57.0256 39.9072 1.2
      vertex -55.4498 40.3142 1.2
    endloop
  endfacet
  facet normal -0.659999 -0.390646 0.641714
    outer loop
      vertex -66.5074 37.485 1.2
      vertex -66.6551 37.406 1
      vertex -66.2082 36.9795 1.2
    endloop
  endfacet
  facet normal -0.974965 -0.22236 0
    outer loop
      vertex -58.528 43.4444 1
      vertex -58.5475 43.5299 1
      vertex -58.5475 43.5299 0
    endloop
  endfacet
  facet normal -0.974965 -0.22236 -0
    outer loop
      vertex -58.528 43.4444 1
      vertex -58.5475 43.5299 0
      vertex -58.528 43.4444 0
    endloop
  endfacet
  facet normal 0.717243 -0.274312 0.640558
    outer loop
      vertex -56.4096 36.6488 1
      vertex -56.5136 36.8439 1.2
      vertex -56.5694 36.698 1.2
    endloop
  endfacet
  facet normal 0.444552 0.62495 0.641724
    outer loop
      vertex -64.3788 34.6121 1.2
      vertex -64.3109 34.5638 1.2
      vertex -64.2273 34.7097 1
    endloop
  endfacet
  facet normal -0.860504 -0.509444 0
    outer loop
      vertex -66.6551 37.406 0
      vertex -66.3476 36.8866 0
      vertex -66.3476 36.8866 1
    endloop
  endfacet
  facet normal -0.860504 -0.509444 0
    outer loop
      vertex -66.6551 37.406 0
      vertex -66.3476 36.8866 1
      vertex -66.6551 37.406 1
    endloop
  endfacet
  facet normal 0.670669 -0.376115 0.639328
    outer loop
      vertex -56.3631 36.7723 1
      vertex -56.299 36.8866 1
      vertex -56.5136 36.8439 1.2
    endloop
  endfacet
  facet normal 0.435127 0.634204 0.6391
    outer loop
      vertex -64.2273 34.7097 1
      vertex -64.2719 34.7403 1
      vertex -64.3788 34.6121 1.2
    endloop
  endfacet
  facet normal -0.314604 0.949223 0
    outer loop
      vertex -56.8491 46.4335 1
      vertex -56.8491 46.4335 0
      vertex -56.9894 46.387 0
    endloop
  endfacet
  facet normal -0.314604 0.949223 0
    outer loop
      vertex -56.8491 46.4335 1
      vertex -56.9894 46.387 0
      vertex -56.9894 46.387 1
    endloop
  endfacet
  facet normal 0.719992 -0.27109 0.638844
    outer loop
      vertex -56.4096 36.6488 1
      vertex -56.3631 36.7723 1
      vertex -56.5136 36.8439 1.2
    endloop
  endfacet
  facet normal -0.660058 -0.390774 0.641575
    outer loop
      vertex -66.6551 37.406 1
      vertex -66.3476 36.8866 1
      vertex -66.2082 36.9795 1.2
    endloop
  endfacet
  facet normal -0.996435 -0.0843663 -0
    outer loop
      vertex -58.5549 43.6173 1
      vertex -58.5549 43.6173 0
      vertex -58.5475 43.5299 1
    endloop
  endfacet
  facet normal -0.996435 -0.0843663 0
    outer loop
      vertex -58.5475 43.5299 0
      vertex -58.5475 43.5299 1
      vertex -58.5549 43.6173 0
    endloop
  endfacet
  facet normal -0.992561 -0.121747 0
    outer loop
      vertex -66.1869 44.2407 0
      vertex -66.1738 44.1339 0
      vertex -66.1738 44.1339 1
    endloop
  endfacet
  facet normal -0.992561 -0.121747 0
    outer loop
      vertex -66.1869 44.2407 0
      vertex -66.1738 44.1339 1
      vertex -66.1869 44.2407 1
    endloop
  endfacet
  facet normal -0.462426 0.886658 0
    outer loop
      vertex -57.1194 46.3192 1
      vertex -56.9894 46.387 1
      vertex -56.9894 46.387 0
    endloop
  endfacet
  facet normal 0.749286 -0.16913 0.640286
    outer loop
      vertex -56.6038 36.5456 1.2
      vertex -56.4096 36.6488 1
      vertex -56.5694 36.698 1.2
    endloop
  endfacet
  facet normal -1 0 0
    outer loop
      vertex -66.198 34.6465 0
      vertex -66.198 34.6465 1
      vertex -66.198 36.3886 1
    endloop
  endfacet
  facet normal 0 0 1
    outer loop
      vertex -55.7239 42.0517 1.2
      vertex -57.19 41.5072 1.2
      vertex -55.5752 41.483 1.2
    endloop
  endfacet
  facet normal 0 0 1
    outer loop
      vertex -57.19 41.5072 1.2
      vertex -57.0702 40.9822 1.2
      vertex -55.5752 41.483 1.2
    endloop
  endfacet
  facet normal 0 -0 1
    outer loop
      vertex -57.0144 40.4461 1.2
      vertex -55.4842 40.9014 1.2
      vertex -57.0702 40.9822 1.2
    endloop
  endfacet
  facet normal 0 0 1
    outer loop
      vertex -55.5752 41.483 1.2
      vertex -57.0702 40.9822 1.2
      vertex -55.4842 40.9014 1.2
    endloop
  endfacet
  facet normal 0 0 1
    outer loop
      vertex -55.4498 40.3142 1.2
      vertex -55.4842 40.9014 1.2
      vertex -57.0144 40.4461 1.2
    endloop
  endfacet
  facet normal -0.911124 0.412131 0
    outer loop
      vertex -58.2818 34.8732 0
      vertex -58.3041 34.8239 1
      vertex -58.2818 34.8732 1
    endloop
  endfacet
  facet normal 0.766136 -0.0541663 0.640392
    outer loop
      vertex -56.6038 36.5456 1.2
      vertex -56.6149 36.3886 1.2
      vertex -56.4384 36.5205 1
    endloop
  endfacet
  facet normal -0.752433 -0.658669 0
    outer loop
      vertex -58.0523 42.8331 1
      vertex -58.3923 43.2215 1
      vertex -58.3923 43.2215 -2.13181e-12
    endloop
  endfacet
  facet normal -0.963796 -0.266641 0
    outer loop
      vertex -66.2157 44.3448 1
      vertex -66.1869 44.2407 0
      vertex -66.1869 44.2407 1
    endloop
  endfacet
  facet normal 0 -0 1
    outer loop
      vertex -55.6951 38.5721 1.2
      vertex -55.5566 39.1435 1.2
      vertex -57.1027 39.3739 1.2
    endloop
  endfacet
  facet normal 0.659859 -0.390563 0.641908
    outer loop
      vertex -56.1383 37.485 1.2
      vertex -56.4375 36.9795 1.2
      vertex -55.9905 37.406 1
    endloop
  endfacet
  facet normal -0.97158 -0.236712 0
    outer loop
      vertex -66.1534 34.3677 1
      vertex -66.1869 34.5052 1
      vertex -66.1869 34.5052 0
    endloop
  endfacet
  facet normal -0.97158 -0.236712 -0
    outer loop
      vertex -66.1534 34.3677 1
      vertex -66.1869 34.5052 0
      vertex -66.1534 34.3677 0
    endloop
  endfacet
  facet normal -0.111305 0.757708 0.643031
    outer loop
      vertex -56.693 46.2867 1.2
      vertex -56.7041 46.4548 1
      vertex -56.8491 46.4335 1
    endloop
  endfacet
  facet normal 0.670626 -0.376362 0.639228
    outer loop
      vertex -56.299 36.8866 1
      vertex -56.4375 36.9795 1.2
      vertex -56.5136 36.8439 1.2
    endloop
  endfacet
  facet normal -0.996929 -0.078315 0
    outer loop
      vertex -66.198 34.6465 0
      vertex -66.1869 34.5052 0
      vertex -66.1869 34.5052 1
    endloop
  endfacet
  facet normal -0.996929 -0.078315 0
    outer loop
      vertex -66.198 34.6465 0
      vertex -66.1869 34.5052 1
      vertex -66.198 34.6465 1
    endloop
  endfacet
  facet normal 0.544258 0.543343 0.639189
    outer loop
      vertex -64.3788 34.6121 1.2
      vertex -64.2719 34.7403 1
      vertex -64.4382 34.6716 1.2
    endloop
  endfacet
  facet normal -0.767045 -0.0602562 0.638758
    outer loop
      vertex -66.1869 34.5052 1
      vertex -66.0224 34.5313 1.2
      vertex -66.198 34.6465 1
    endloop
  endfacet
  facet normal 0.749173 -0.16817 0.640671
    outer loop
      vertex -56.4096 36.6488 1
      vertex -56.6038 36.5456 1.2
      vertex -56.4384 36.5205 1
    endloop
  endfacet
  facet normal 0.00643425 0.765676 0.643194
    outer loop
      vertex -56.693 46.2867 1.2
      vertex -56.574 46.2857 1.2
      vertex -56.7041 46.4548 1
    endloop
  endfacet
  facet normal -0.766016 -0.0558554 0.64039
    outer loop
      vertex -66.0224 34.5313 1.2
      vertex -66.0308 34.6465 1.2
      vertex -66.198 34.6465 1
    endloop
  endfacet
  facet normal 0 0 1
    outer loop
      vertex -55.4749 39.726 1.2
      vertex -57.0256 39.9072 1.2
      vertex -55.5566 39.1435 1.2
    endloop
  endfacet
  facet normal 0 -0 1
    outer loop
      vertex -55.4749 39.726 1.2
      vertex -55.4498 40.3142 1.2
      vertex -57.0256 39.9072 1.2
    endloop
  endfacet
  facet normal -0 0 1
    outer loop
      vertex -57.1027 39.3739 1.2
      vertex -55.5566 39.1435 1.2
      vertex -57.0256 39.9072 1.2
    endloop
  endfacet
  facet normal 0 0 1
    outer loop
      vertex -55.6951 38.5721 1.2
      vertex -57.2439 38.8545 1.2
      vertex -55.8893 38.0174 1.2
    endloop
  endfacet
  facet normal -0.628126 0.44504 0.638277
    outer loop
      vertex -58.3041 34.8239 1
      vertex -58.3357 34.7793 1
      vertex -58.1601 34.7403 1.2
    endloop
  endfacet
  facet normal -0.747607 -0.182144 0.638676
    outer loop
      vertex -66.1869 34.5052 1
      vertex -66.1534 34.3677 1
      vertex -66.0224 34.5313 1.2
    endloop
  endfacet
  facet normal -0.827584 -0.56134 -0.00140953
    outer loop
      vertex -57.7624 42.4057 1
      vertex -58.0523 42.8331 1
      vertex -58.043 42.8219 0
    endloop
  endfacet
  facet normal -0.999051 0.0435579 0
    outer loop
      vertex -66.1785 44.0261 1
      vertex -66.1738 44.1339 1
      vertex -66.1738 44.1339 0
    endloop
  endfacet
  facet normal -0.999051 0.0435579 0
    outer loop
      vertex -66.1785 44.0261 1
      vertex -66.1738 44.1339 0
      vertex -66.1785 44.0261 0
    endloop
  endfacet
  facet normal -0.108104 0.759299 0.6417
    outer loop
      vertex -56.693 46.2867 1.2
      vertex -56.8491 46.4335 1
      vertex -56.811 46.2699 1.2
    endloop
  endfacet
  facet normal -0 0 1
    outer loop
      vertex -57.374 42.0126 1.2
      vertex -57.19 41.5072 1.2
      vertex -55.7239 42.0517 1.2
    endloop
  endfacet
  facet normal -0.745011 -0.18642 0.640474
    outer loop
      vertex -66.0224 34.5313 1.2
      vertex -66.1534 34.3677 1
      vertex -65.9945 34.4198 1.2
    endloop
  endfacet
  facet normal 1 0 0
    outer loop
      vertex -56.4477 34.6465 0
      vertex -56.4477 36.3886 1
      vertex -56.4477 34.6465 1
    endloop
  endfacet
  facet normal -0.241321 0.728115 0.64157
    outer loop
      vertex -56.8491 46.4335 1
      vertex -56.9894 46.387 1
      vertex -56.811 46.2699 1.2
    endloop
  endfacet
  facet normal 0.996929 -0.078315 0
    outer loop
      vertex -56.4477 34.6465 1
      vertex -56.4588 34.5052 1
      vertex -56.4588 34.5052 0
    endloop
  endfacet
  facet normal 0.996929 -0.078315 0
    outer loop
      vertex -56.4477 34.6465 1
      vertex -56.4588 34.5052 0
      vertex -56.4477 34.6465 0
    endloop
  endfacet
  facet normal 0.333631 0.691604 0.640605
    outer loop
      vertex -64.2273 34.7097 1
      vertex -64.2357 34.5285 1.2
      vertex -64.179 34.6864 1
    endloop
  endfacet
  facet normal -0.710282 -0.292154 0.640426
    outer loop
      vertex -65.9509 34.3138 1.2
      vertex -65.9945 34.4198 1.2
      vertex -66.1534 34.3677 1
    endloop
  endfacet
  facet normal -0.753689 0.153709 0.639004
    outer loop
      vertex -66.04 43.8737 1.2
      vertex -66.0131 44.0056 1.2
      vertex -66.1999 43.9211 1
    endloop
  endfacet
  facet normal 0.97158 -0.236712 0
    outer loop
      vertex -56.4588 34.5052 1
      vertex -56.4923 34.3677 1
      vertex -56.4923 34.3677 0
    endloop
  endfacet
  facet normal 0.97158 -0.236712 0
    outer loop
      vertex -56.4588 34.5052 1
      vertex -56.4923 34.3677 0
      vertex -56.4588 34.5052 0
    endloop
  endfacet
  facet normal -0.244145 0.726027 0.642867
    outer loop
      vertex -56.9894 46.387 1
      vertex -56.9243 46.2318 1.2
      vertex -56.811 46.2699 1.2
    endloop
  endfacet
  facet normal -0.710275 -0.292243 0.640394
    outer loop
      vertex -66.0995 34.2367 1
      vertex -65.9509 34.3138 1.2
      vertex -66.1534 34.3677 1
    endloop
  endfacet
  facet normal -0.635074 -0.430763 0.641189
    outer loop
      vertex -58.0523 42.8331 1
      vertex -57.7624 42.4057 1
      vertex -57.6184 42.4911 1.2
    endloop
  endfacet
  facet normal -0.698542 0.323603 0.638216
    outer loop
      vertex -58.3041 34.8239 1
      vertex -58.1601 34.7403 1.2
      vertex -58.1248 34.8165 1.2
    endloop
  endfacet
  facet normal 0.92478 -0.380501 0
    outer loop
      vertex -56.4923 34.3677 1
      vertex -56.5462 34.2367 1
      vertex -56.5462 34.2367 0
    endloop
  endfacet
  facet normal 0.92478 -0.380501 0
    outer loop
      vertex -56.4923 34.3677 1
      vertex -56.5462 34.2367 0
      vertex -56.4923 34.3677 0
    endloop
  endfacet
  facet normal -0.753681 0.153607 0.639039
    outer loop
      vertex -66.1785 44.0261 1
      vertex -66.1999 43.9211 1
      vertex -66.0131 44.0056 1.2
    endloop
  endfacet
  facet normal 0.325692 0.693826 0.642285
    outer loop
      vertex -64.2357 34.5285 1.2
      vertex -64.2273 34.7097 1
      vertex -64.3109 34.5638 1.2
    endloop
  endfacet
  facet normal -0.354332 0.679398 0.642548
    outer loop
      vertex -56.9243 46.2318 1.2
      vertex -56.9894 46.387 1
      vertex -57.1194 46.3192 1
    endloop
  endfacet
  facet normal -0.656758 -0.397125 0.641063
    outer loop
      vertex -65.8914 34.2154 1.2
      vertex -65.9509 34.3138 1.2
      vertex -66.0995 34.2367 1
    endloop
  endfacet
  facet normal -0.700379 0.316805 0.639612
    outer loop
      vertex -58.3041 34.8239 1
      vertex -58.1248 34.8165 1.2
      vertex -58.2818 34.8732 1
    endloop
  endfacet
  facet normal -0.635071 -0.430752 0.6412
    outer loop
      vertex -58.0523 42.8331 1
      vertex -57.6184 42.4911 1.2
      vertex -57.9203 42.9362 1.2
    endloop
  endfacet
  facet normal 0.710225 -0.2928 0.640194
    outer loop
      vertex -56.4923 34.3677 1
      vertex -56.6511 34.4198 1.2
      vertex -56.6948 34.3138 1.2
    endloop
  endfacet
  facet normal -0.762891 -0.0935756 0.639719
    outer loop
      vertex -66.1869 44.2407 1
      vertex -66.1738 44.1339 1
      vertex -66.0233 44.2742 1.2
    endloop
  endfacet
  facet normal -0.577235 -0.505303 0.641459
    outer loop
      vertex -58.0523 42.8331 1
      vertex -57.9203 42.9362 1.2
      vertex -58.3923 43.2215 1
    endloop
  endfacet
  facet normal -0.966719 0.255842 0
    outer loop
      vertex -58.2818 34.8732 1
      vertex -58.2678 34.9261 1
      vertex -58.2818 34.8732 0
    endloop
  endfacet
  facet normal -0.145337 0.989382 0
    outer loop
      vertex -56.7041 46.4548 1
      vertex -56.7041 46.4548 0
      vertex -56.8491 46.4335 0
    endloop
  endfacet
  facet normal -0.145337 0.989382 0
    outer loop
      vertex -56.7041 46.4548 1
      vertex -56.8491 46.4335 0
      vertex -56.8491 46.4335 1
    endloop
  endfacet
  facet normal 0 0 1
    outer loop
      vertex -57.4483 38.3565 1.2
      vertex -57.7122 37.8882 1.2
      vertex -56.1383 37.485 1.2
    endloop
  endfacet
  facet normal -0.767214 0 0.641391
    outer loop
      vertex -66.0308 36.3886 1.2
      vertex -66.198 36.3886 1
      vertex -66.0308 34.6465 1.2
    endloop
  endfacet
  facet normal -0.767214 0 0.641391
    outer loop
      vertex -66.0308 34.6465 1.2
      vertex -66.198 36.3886 1
      vertex -66.198 34.6465 1
    endloop
  endfacet
  facet normal -0 0 1
    outer loop
      vertex -58.0318 37.4562 1.2
      vertex -56.5136 36.8439 1.2
      vertex -57.7122 37.8882 1.2
    endloop
  endfacet
  facet normal -0.769017 0.0335286 0.638348
    outer loop
      vertex -66.1738 44.1339 1
      vertex -66.1785 44.0261 1
      vertex -66.0075 44.1404 1.2
    endloop
  endfacet
  facet normal -0.966719 0.255842 0
    outer loop
      vertex -58.2678 34.9261 1
      vertex -58.2678 34.9261 0
      vertex -58.2818 34.8732 0
    endloop
  endfacet
  facet normal 0.0190701 0.999818 0
    outer loop
      vertex -56.7041 46.4548 1
      vertex -56.5573 46.452 1
      vertex -56.7041 46.4548 0
    endloop
  endfacet
  facet normal 0.0190701 0.999818 -0
    outer loop
      vertex -56.5573 46.452 0
      vertex -56.7041 46.4548 0
      vertex -56.5573 46.452 1
    endloop
  endfacet
  facet normal 0.743334 -0.195318 0.639769
    outer loop
      vertex -64.5209 35.1454 1.2
      vertex -64.3778 35.0349 1
      vertex -64.3639 35.0878 1
    endloop
  endfacet
  facet normal 0 0 1
    outer loop
      vertex -56.4375 36.9795 1.2
      vertex -57.7122 37.8882 1.2
      vertex -56.5136 36.8439 1.2
    endloop
  endfacet
  facet normal 0 -0 1
    outer loop
      vertex -56.1383 37.485 1.2
      vertex -55.8893 38.0174 1.2
      vertex -57.4483 38.3565 1.2
    endloop
  endfacet
  facet normal 0 -0 1
    outer loop
      vertex -56.4375 36.9795 1.2
      vertex -56.1383 37.485 1.2
      vertex -57.7122 37.8882 1.2
    endloop
  endfacet
  facet normal -0.403307 -0.915065 -0
    outer loop
      vertex -64.7216 33.2537 1
      vertex -64.7216 33.2537 0
      vertex -64.1335 32.9945 1
    endloop
  endfacet
  facet normal -0.403307 -0.915065 -0
    outer loop
      vertex -64.1335 32.9945 1
      vertex -64.7216 33.2537 0
      vertex -64.1335 32.9945 0
    endloop
  endfacet
  facet normal 0.182527 0.983201 0
    outer loop
      vertex -56.5573 46.452 1
      vertex -56.4124 46.4251 1
      vertex -56.4124 46.4251 0
    endloop
  endfacet
  facet normal 0.182527 0.983201 0
    outer loop
      vertex -56.5573 46.452 1
      vertex -56.4124 46.4251 0
      vertex -56.5573 46.452 0
    endloop
  endfacet
  facet normal -0.768613 0.0319305 0.638916
    outer loop
      vertex -66.1785 44.0261 1
      vertex -66.0131 44.0056 1.2
      vertex -66.0075 44.1404 1.2
    endloop
  endfacet
  facet normal 0.7427 -0.196705 0.640081
    outer loop
      vertex -64.5423 35.0646 1.2
      vertex -64.3778 35.0349 1
      vertex -64.5209 35.1454 1.2
    endloop
  endfacet
  facet normal -0.479786 -0.877385 -0
    outer loop
      vertex -64.7216 33.2537 1
      vertex -65.2874 33.5631 1
      vertex -64.7216 33.2537 0
    endloop
  endfacet
  facet normal 0.340762 0.94015 0
    outer loop
      vertex -56.4124 46.4251 1
      vertex -56.2739 46.3749 1
      vertex -56.2739 46.3749 0
    endloop
  endfacet
  facet normal -0.577292 -0.505594 0.641178
    outer loop
      vertex -57.9203 42.9362 1.2
      vertex -58.2743 43.3404 1.2
      vertex -58.3923 43.2215 1
    endloop
  endfacet
  facet normal -0.764332 -0.0902574 0.638475
    outer loop
      vertex -66.0233 44.2742 1.2
      vertex -66.1738 44.1339 1
      vertex -66.0075 44.1404 1.2
    endloop
  endfacet
  facet normal -0 0 1
    outer loop
      vertex -57.2439 38.8545 1.2
      vertex -55.6951 38.5721 1.2
      vertex -57.1027 39.3739 1.2
    endloop
  endfacet
  facet normal 0.699741 -0.316516 0.640453
    outer loop
      vertex -64.3416 35.1371 1
      vertex -64.5209 35.1454 1.2
      vertex -64.3639 35.0878 1
    endloop
  endfacet
  facet normal -0.479786 -0.877385 0
    outer loop
      vertex -64.7216 33.2537 0
      vertex -65.2874 33.5631 1
      vertex -65.2874 33.5631 0
    endloop
  endfacet
  facet normal -0.768914 0 0.639352
    outer loop
      vertex -58.3886 44.4052 1.2
      vertex -58.5549 43.6173 1
      vertex -58.3886 43.6173 1.2
    endloop
  endfacet
  facet normal 0.340762 0.94015 0
    outer loop
      vertex -56.2739 46.3749 0
      vertex -56.4124 46.4251 0
      vertex -56.4124 46.4251 1
    endloop
  endfacet
  facet normal -0.367327 -0.671731 0.64331
    outer loop
      vertex -65.2874 33.5631 1
      vertex -64.7216 33.2537 1
      vertex -64.6482 33.4051 1.2
    endloop
  endfacet
  facet normal 0.491744 0.87074 0
    outer loop
      vertex -56.2739 46.3749 1
      vertex -56.1457 46.3025 1
      vertex -56.2739 46.3749 0
    endloop
  endfacet
  facet normal 0 0 1
    outer loop
      vertex -64.3072 44.5956 1.2
      vertex -66.0075 44.1404 1.2
      vertex -64.2793 44.5352 1.2
    endloop
  endfacet
  facet normal 0 0 1
    outer loop
      vertex -64.2635 44.4721 1.2
      vertex -64.2793 44.5352 1.2
      vertex -66.0075 44.1404 1.2
    endloop
  endfacet
  facet normal -0.3093 -0.700149 0.643526
    outer loop
      vertex -64.0721 33.1506 1.2
      vertex -64.6482 33.4051 1.2
      vertex -64.7216 33.2537 1
    endloop
  endfacet
  facet normal 0.491744 0.87074 0
    outer loop
      vertex -56.2739 46.3749 0
      vertex -56.1457 46.3025 1
      vertex -56.1457 46.3025 0
    endloop
  endfacet
  facet normal -0.764443 0.0780043 0.639955
    outer loop
      vertex -58.1034 34.8964 1.2
      vertex -58.2623 34.98 1
      vertex -58.2678 34.9261 1
    endloop
  endfacet
  facet normal 0 0 1
    outer loop
      vertex -64.3007 43.4398 1.2
      vertex -66.0131 44.0056 1.2
      vertex -64.3323 43.3868 1.2
    endloop
  endfacet
  facet normal 0 0 1
    outer loop
      vertex -64.2766 43.4965 1.2
      vertex -66.0131 44.0056 1.2
      vertex -64.3007 43.4398 1.2
    endloop
  endfacet
  facet normal 0 0 1
    outer loop
      vertex -64.2626 43.5559 1.2
      vertex -66.0131 44.0056 1.2
      vertex -64.2766 43.4965 1.2
    endloop
  endfacet
  facet normal 0 0 1
    outer loop
      vertex -64.258 43.6173 1.2
      vertex -66.0131 44.0056 1.2
      vertex -64.2626 43.5559 1.2
    endloop
  endfacet
  facet normal 0 0 1
    outer loop
      vertex -64.258 44.4052 1.2
      vertex -64.2635 44.4721 1.2
      vertex -66.0075 44.1404 1.2
    endloop
  endfacet
  facet normal -0.367214 -0.673388 0.64164
    outer loop
      vertex -65.202 33.7071 1.2
      vertex -65.2874 33.5631 1
      vertex -64.6482 33.4051 1.2
    endloop
  endfacet
  facet normal -0.766292 -0.0686418 0.638815
    outer loop
      vertex -58.3886 43.6173 1.2
      vertex -58.5475 43.5299 1
      vertex -58.3831 43.5559 1.2
    endloop
  endfacet
  facet normal 0 0 1
    outer loop
      vertex -64.3434 44.6514 1.2
      vertex -66.0075 44.1404 1.2
      vertex -64.3072 44.5956 1.2
    endloop
  endfacet
  facet normal 0 0 1
    outer loop
      vertex -64.258 44.4052 1.2
      vertex -66.0075 44.1404 1.2
      vertex -64.258 43.6173 1.2
    endloop
  endfacet
  facet normal -0.309115 -0.701352 0.642303
    outer loop
      vertex -64.1335 32.9945 1
      vertex -64.0721 33.1506 1.2
      vertex -64.7216 33.2537 1
    endloop
  endfacet
  facet normal -0.742909 0.196611 0.639868
    outer loop
      vertex -58.2818 34.8732 1
      vertex -58.1034 34.8964 1.2
      vertex -58.2678 34.9261 1
    endloop
  endfacet
  facet normal -0.76729 -0.064965 0.638001
    outer loop
      vertex -58.5549 43.6173 1
      vertex -58.5475 43.5299 1
      vertex -58.3886 43.6173 1.2
    endloop
  endfacet
  facet normal 0.484057 0.594922 0.641683
    outer loop
      vertex -56.0314 46.2095 1
      vertex -56.1457 46.3025 1
      vertex -56.2395 46.1631 1.2
    endloop
  endfacet
  facet normal -0.648619 -0.761113 -0
    outer loop
      vertex -65.9332 34.0091 1
      vertex -65.9332 34.0091 0
      vertex -65.8263 33.918 1
    endloop
  endfacet
  facet normal -0.648619 -0.761113 -0
    outer loop
      vertex -65.8263 33.918 1
      vertex -65.9332 34.0091 0
      vertex -65.8263 33.918 0
    endloop
  endfacet
  facet normal -0.760649 -0.649163 -0
    outer loop
      vertex -65.9332 34.0091 1
      vertex -66.0252 34.1169 1
      vertex -65.9332 34.0091 0
    endloop
  endfacet
  facet normal 0.697893 -0.323302 0.639078
    outer loop
      vertex -64.4856 35.2216 1.2
      vertex -64.5209 35.1454 1.2
      vertex -64.3416 35.1371 1
    endloop
  endfacet
  facet normal -0.748997 -0.176531 0.638624
    outer loop
      vertex -58.5475 43.5299 1
      vertex -58.3691 43.4965 1.2
      vertex -58.3831 43.5559 1.2
    endloop
  endfacet
  facet normal -0.760649 -0.649163 0
    outer loop
      vertex -65.9332 34.0091 0
      vertex -66.0252 34.1169 1
      vertex -66.0252 34.1169 0
    endloop
  endfacet
  facet normal 0 -0 1
    outer loop
      vertex -66.5631 45.1011 1.2
      vertex -65.4361 46.0172 1.2
      vertex -66.6328 45.2061 1.2
    endloop
  endfacet
  facet normal 0 -0 1
    outer loop
      vertex -66.1915 44.6365 1.2
      vertex -65.4361 46.0172 1.2
      vertex -66.5631 45.1011 1.2
    endloop
  endfacet
  facet normal 0 0 1
    outer loop
      vertex -65.6256 46.1835 1.2
      vertex -66.6746 45.8221 1.2
      vertex -65.5244 46.1092 1.2
    endloop
  endfacet
  facet normal 0 -0 1
    outer loop
      vertex -66.7146 45.4458 1.2
      vertex -65.4361 46.0172 1.2
      vertex -66.723 45.5731 1.2
    endloop
  endfacet
  facet normal 0.376754 0.667126 0.642651
    outer loop
      vertex -56.2739 46.3749 1
      vertex -56.3436 46.2216 1.2
      vertex -56.1457 46.3025 1
    endloop
  endfacet
  facet normal -0.849826 -0.527063 0
    outer loop
      vertex -66.0252 34.1169 1
      vertex -66.0995 34.2367 1
      vertex -66.0995 34.2367 0
    endloop
  endfacet
  facet normal -0.849826 -0.527063 -0
    outer loop
      vertex -66.0252 34.1169 1
      vertex -66.0995 34.2367 0
      vertex -66.0252 34.1169 0
    endloop
  endfacet
  facet normal -0.749283 -0.170889 0.639822
    outer loop
      vertex -58.528 43.4444 1
      vertex -58.3691 43.4965 1.2
      vertex -58.5475 43.5299 1
    endloop
  endfacet
  facet normal 0.627323 -0.444471 0.639462
    outer loop
      vertex -64.3416 35.1371 1
      vertex -64.31 35.1817 1
      vertex -64.4856 35.2216 1.2
    endloop
  endfacet
  facet normal -0.92478 -0.380501 0
    outer loop
      vertex -66.1534 34.3677 0
      vertex -66.0995 34.2367 0
      vertex -66.0995 34.2367 1
    endloop
  endfacet
  facet normal -0.92478 -0.380501 0
    outer loop
      vertex -66.1534 34.3677 0
      vertex -66.0995 34.2367 1
      vertex -66.1534 34.3677 1
    endloop
  endfacet
  facet normal 0 0 1
    outer loop
      vertex -66.0874 43.7483 1.2
      vertex -66.1543 43.6312 1.2
      vertex -64.7253 42.9362 1.2
    endloop
  endfacet
  facet normal -0.654532 -0.405941 0.637808
    outer loop
      vertex -66.0252 34.1169 1
      vertex -65.8914 34.2154 1.2
      vertex -66.0995 34.2367 1
    endloop
  endfacet
  facet normal 0.266909 0.717718 0.643149
    outer loop
      vertex -56.456 46.2634 1.2
      vertex -56.3436 46.2216 1.2
      vertex -56.2739 46.3749 1
    endloop
  endfacet
  facet normal -0.966719 -0.255842 0
    outer loop
      vertex -58.2818 35.0878 0
      vertex -58.2678 35.0349 0
      vertex -58.2818 35.0878 1
    endloop
  endfacet
  facet normal 0 -0 1
    outer loop
      vertex -66.1162 44.525 1.2
      vertex -65.4361 46.0172 1.2
      vertex -66.1915 44.6365 1.2
    endloop
  endfacet
  facet normal -0.709374 -0.290001 0.642407
    outer loop
      vertex -58.528 43.4444 1
      vertex -58.4946 43.3627 1
      vertex -58.345 43.4398 1.2
    endloop
  endfacet
  facet normal -0.550006 -0.83516 0
    outer loop
      vertex -65.8263 33.918 0
      vertex -65.2874 33.5631 0
      vertex -65.2874 33.5631 1
    endloop
  endfacet
  facet normal -0.550006 -0.83516 0
    outer loop
      vertex -65.8263 33.918 0
      vertex -65.2874 33.5631 1
      vertex -65.8263 33.918 1
    endloop
  endfacet
  facet normal -0.421921 -0.639621 0.642548
    outer loop
      vertex -65.7288 34.0546 1.2
      vertex -65.8263 33.918 1
      vertex -65.202 33.7071 1.2
    endloop
  endfacet
  facet normal 0.375603 0.668381 0.642019
    outer loop
      vertex -56.1457 46.3025 1
      vertex -56.3436 46.2216 1.2
      vertex -56.2395 46.1631 1.2
    endloop
  endfacet
  facet normal 0 0 1
    outer loop
      vertex -65.5244 46.1092 1.2
      vertex -66.6746 45.8221 1.2
      vertex -65.4361 46.0172 1.2
    endloop
  endfacet
  facet normal -0.421938 -0.640694 0.641467
    outer loop
      vertex -65.8263 33.918 1
      vertex -65.2874 33.5631 1
      vertex -65.202 33.7071 1.2
    endloop
  endfacet
  facet normal -0.911124 -0.412131 -0
    outer loop
      vertex -58.2818 35.0878 1
      vertex -58.3041 35.1371 0
      vertex -58.2818 35.0878 0
    endloop
  endfacet
  facet normal 0 -0 1
    outer loop
      vertex -66.0596 44.4033 1.2
      vertex -64.3434 44.6514 1.2
      vertex -66.1162 44.525 1.2
    endloop
  endfacet
  facet normal 0 -0 1
    outer loop
      vertex -66.0233 44.2742 1.2
      vertex -64.3434 44.6514 1.2
      vertex -66.0596 44.4033 1.2
    endloop
  endfacet
  facet normal -0.584096 -0.498486 0.640581
    outer loop
      vertex -66.0252 34.1169 1
      vertex -65.9332 34.0091 1
      vertex -65.8161 34.1289 1.2
    endloop
  endfacet
  facet normal 0.261644 0.721865 0.640666
    outer loop
      vertex -56.456 46.2634 1.2
      vertex -56.2739 46.3749 1
      vertex -56.4124 46.4251 1
    endloop
  endfacet
  facet normal -0.815953 -0.578119 0
    outer loop
      vertex -58.3357 35.1817 0
      vertex -58.3041 35.1371 0
      vertex -58.3357 35.1817 1
    endloop
  endfacet
  facet normal 0 -0 1
    outer loop
      vertex -66.0075 44.1404 1.2
      vertex -64.3434 44.6514 1.2
      vertex -66.0233 44.2742 1.2
    endloop
  endfacet
  facet normal 0 0 1
    outer loop
      vertex -65.4361 46.0172 1.2
      vertex -66.1162 44.525 1.2
      vertex -64.3434 44.6514 1.2
    endloop
  endfacet
  facet normal -0 0 1
    outer loop
      vertex -66.0131 44.0056 1.2
      vertex -64.258 43.6173 1.2
      vertex -66.0075 44.1404 1.2
    endloop
  endfacet
  facet normal -0.580962 -0.505739 0.63774
    outer loop
      vertex -66.0252 34.1169 1
      vertex -65.8161 34.1289 1.2
      vertex -65.8914 34.2154 1.2
    endloop
  endfacet
  facet normal 0.815953 -0.578119 0
    outer loop
      vertex -64.3416 35.1371 0
      vertex -64.31 35.1817 0
      vertex -64.3416 35.1371 1
    endloop
  endfacet
  facet normal 0.815953 -0.578119 0
    outer loop
      vertex -64.31 35.1817 1
      vertex -64.3416 35.1371 1
      vertex -64.31 35.1817 0
    endloop
  endfacet
  facet normal -0.70709 -0.300545 0.640075
    outer loop
      vertex -58.528 43.4444 1
      vertex -58.345 43.4398 1.2
      vertex -58.3691 43.4965 1.2
    endloop
  endfacet
  facet normal -0.715312 -0.698805 -0
    outer loop
      vertex -58.3357 35.1817 1
      vertex -58.3738 35.2207 1
      vertex -58.3357 35.1817 0
    endloop
  endfacet
  facet normal -0.497343 -0.584361 0.641227
    outer loop
      vertex -65.7288 34.0546 1.2
      vertex -65.8161 34.1289 1.2
      vertex -65.9332 34.0091 1
    endloop
  endfacet
  facet normal 0.142544 0.754271 0.640903
    outer loop
      vertex -56.4124 46.4251 1
      vertex -56.574 46.2857 1.2
      vertex -56.456 46.2634 1.2
    endloop
  endfacet
  facet normal -0.49762 -0.583925 0.64141
    outer loop
      vertex -65.7288 34.0546 1.2
      vertex -65.9332 34.0091 1
      vertex -65.8263 33.918 1
    endloop
  endfacet
  facet normal 0 -0 1
    outer loop
      vertex -66.6839 45.3231 1.2
      vertex -65.4361 46.0172 1.2
      vertex -66.7146 45.4458 1.2
    endloop
  endfacet
  facet normal 0 -0 1
    outer loop
      vertex -66.6328 45.2061 1.2
      vertex -65.4361 46.0172 1.2
      vertex -66.6839 45.3231 1.2
    endloop
  endfacet
  facet normal 0 0 1
    outer loop
      vertex -66.04 43.8737 1.2
      vertex -66.0874 43.7483 1.2
      vertex -64.7253 42.9362 1.2
    endloop
  endfacet
  facet normal 0.140259 0.755524 0.63993
    outer loop
      vertex -56.5573 46.452 1
      vertex -56.574 46.2857 1.2
      vertex -56.4124 46.4251 1
    endloop
  endfacet
  facet normal 0.715312 -0.698805 0
    outer loop
      vertex -64.31 35.1817 1
      vertex -64.31 35.1817 0
      vertex -64.2719 35.2207 1
    endloop
  endfacet
  facet normal 0.715312 -0.698805 0
    outer loop
      vertex -64.31 35.1817 0
      vertex -64.2719 35.2207 0
      vertex -64.2719 35.2207 1
    endloop
  endfacet
  facet normal -0.654313 -0.40103 0.641131
    outer loop
      vertex -58.4946 43.3627 1
      vertex -58.449 43.2883 1
      vertex -58.3134 43.3868 1.2
    endloop
  endfacet
  facet normal 0 0 1
    outer loop
      vertex -66.0131 44.0056 1.2
      vertex -66.04 43.8737 1.2
      vertex -64.3713 43.3404 1.2
    endloop
  endfacet
  facet normal 0 -0 1
    outer loop
      vertex -64.3713 43.3404 1.2
      vertex -64.3323 43.3868 1.2
      vertex -66.0131 44.0056 1.2
    endloop
  endfacet
  facet normal -0.715312 0.698805 0
    outer loop
      vertex -58.3738 34.7403 1
      vertex -58.3357 34.7793 1
      vertex -58.3738 34.7403 0
    endloop
  endfacet
  facet normal 0.0146529 0.76823 0.640007
    outer loop
      vertex -56.5573 46.452 1
      vertex -56.7041 46.4548 1
      vertex -56.574 46.2857 1.2
    endloop
  endfacet
  facet normal 0.631725 -0.435229 0.641482
    outer loop
      vertex -64.4382 35.2904 1.2
      vertex -64.4856 35.2216 1.2
      vertex -64.31 35.1817 1
    endloop
  endfacet
  facet normal 0 -0 1
    outer loop
      vertex -65.0273 42.4911 1.2
      vertex -64.7253 42.9362 1.2
      vertex -66.1543 43.6312 1.2
    endloop
  endfacet
  facet normal -0.815953 0.578119 0
    outer loop
      vertex -58.3357 34.7793 0
      vertex -58.3357 34.7793 1
      vertex -58.3041 34.8239 0
    endloop
  endfacet
  facet normal 0 -0 1
    outer loop
      vertex -65.4556 41.5072 1.2
      vertex -65.2717 42.0126 1.2
      vertex -66.9218 42.0517 1.2
    endloop
  endfacet
  facet normal 0.542084 -0.542084 0.642098
    outer loop
      vertex -64.31 35.1817 1
      vertex -64.3788 35.3498 1.2
      vertex -64.4382 35.2904 1.2
    endloop
  endfacet
  facet normal -0.657714 -0.392147 0.643143
    outer loop
      vertex -58.4946 43.3627 1
      vertex -58.3134 43.3868 1.2
      vertex -58.345 43.4398 1.2
    endloop
  endfacet
  facet normal -0.911124 0.412131 0
    outer loop
      vertex -58.3041 34.8239 1
      vertex -58.2818 34.8732 0
      vertex -58.3041 34.8239 0
    endloop
  endfacet
  facet normal 0.549497 -0.536816 0.640221
    outer loop
      vertex -64.2719 35.2207 1
      vertex -64.3788 35.3498 1.2
      vertex -64.31 35.1817 1
    endloop
  endfacet
  facet normal -0.725863 0.687839 0
    outer loop
      vertex -57.2374 46.23 1
      vertex -57.2374 46.23 0
      vertex -57.3387 46.1231 1
    endloop
  endfacet
  facet normal -0.725863 0.687839 0
    outer loop
      vertex -57.3387 46.1231 0
      vertex -57.3387 46.1231 1
      vertex -57.2374 46.23 0
    endloop
  endfacet
  facet normal -0.58503 -0.496575 0.641213
    outer loop
      vertex -58.3134 43.3868 1.2
      vertex -58.449 43.2883 1
      vertex -58.3923 43.2215 1
    endloop
  endfacet
  facet normal -0.603024 0.797723 0
    outer loop
      vertex -57.2374 46.23 1
      vertex -57.1194 46.3192 1
      vertex -57.2374 46.23 0
    endloop
  endfacet
  facet normal 0.911124 -0.412131 0
    outer loop
      vertex -64.3639 35.0878 0
      vertex -64.3416 35.1371 1
      vertex -64.3639 35.0878 1
    endloop
  endfacet
  facet normal -0.603024 0.797723 0
    outer loop
      vertex -57.2374 46.23 0
      vertex -57.1194 46.3192 1
      vertex -57.1194 46.3192 0
    endloop
  endfacet
  facet normal 0 -0 1
    outer loop
      vertex -65.2717 42.0126 1.2
      vertex -65.0273 42.4911 1.2
      vertex -66.4619 43.1313 1.2
    endloop
  endfacet
  facet normal 0 0 1
    outer loop
      vertex -66.1543 43.6312 1.2
      vertex -66.4619 43.1313 1.2
      vertex -65.0273 42.4911 1.2
    endloop
  endfacet
  facet normal 0 -0 1
    outer loop
      vertex -64.7253 42.9362 1.2
      vertex -64.3713 43.3404 1.2
      vertex -66.04 43.8737 1.2
    endloop
  endfacet
  facet normal -0.462426 0.886658 0
    outer loop
      vertex -57.1194 46.3192 1
      vertex -56.9894 46.387 0
      vertex -57.1194 46.3192 0
    endloop
  endfacet
  facet normal -0.434488 0.900677 0
    outer loop
      vertex -58.4667 34.6864 1
      vertex -58.4184 34.7097 0
      vertex -58.4667 34.6864 0
    endloop
  endfacet
  facet normal -0.434488 0.900677 0
    outer loop
      vertex -58.4184 34.7097 1
      vertex -58.4184 34.7097 0
      vertex -58.4667 34.6864 1
    endloop
  endfacet
  facet normal -0.587189 -0.494808 0.640605
    outer loop
      vertex -58.3134 43.3868 1.2
      vertex -58.3923 43.2215 1
      vertex -58.2743 43.3404 1.2
    endloop
  endfacet
  facet normal -0.565744 0.824581 0
    outer loop
      vertex -58.4184 34.7097 1
      vertex -58.3738 34.7403 1
      vertex -58.4184 34.7097 0
    endloop
  endfacet
  facet normal -0.565744 0.824581 0
    outer loop
      vertex -58.3738 34.7403 1
      vertex -58.3738 34.7403 0
      vertex -58.4184 34.7097 0
    endloop
  endfacet
  facet normal -0.333631 0.691604 0.640605
    outer loop
      vertex -58.4184 34.7097 1
      vertex -58.4667 34.6864 1
      vertex -58.41 34.5285 1.2
    endloop
  endfacet
  facet normal 0 0 1
    outer loop
      vertex -66.7192 42.6026 1.2
      vertex -66.9218 42.0517 1.2
      vertex -65.2717 42.0126 1.2
    endloop
  endfacet
  facet normal 0 0 1
    outer loop
      vertex -66.4619 43.1313 1.2
      vertex -66.7192 42.6026 1.2
      vertex -65.2717 42.0126 1.2
    endloop
  endfacet
  facet normal -0.435127 0.634204 0.6391
    outer loop
      vertex -58.4184 34.7097 1
      vertex -58.2669 34.6121 1.2
      vertex -58.3738 34.7403 1
    endloop
  endfacet
  facet normal 0 0 1
    outer loop
      vertex -66.9218 42.0517 1.2
      vertex -67.0705 41.483 1.2
      vertex -65.4556 41.5072 1.2
    endloop
  endfacet
  facet normal -0.325309 0.693932 0.642365
    outer loop
      vertex -58.4184 34.7097 1
      vertex -58.41 34.5285 1.2
      vertex -58.3347 34.5638 1.2
    endloop
  endfacet
  facet normal -0.444937 0.624569 0.641829
    outer loop
      vertex -58.4184 34.7097 1
      vertex -58.3347 34.5638 1.2
      vertex -58.2669 34.6121 1.2
    endloop
  endfacet
  facet normal 0 -0 1
    outer loop
      vertex -65.6312 40.4461 1.2
      vertex -65.5764 40.9822 1.2
      vertex -67.1615 40.9014 1.2
    endloop
  endfacet
  facet normal 0 0 1
    outer loop
      vertex -67.0705 41.483 1.2
      vertex -67.1615 40.9014 1.2
      vertex -65.5764 40.9822 1.2
    endloop
  endfacet
  facet normal 0 -0 1
    outer loop
      vertex -65.5764 40.9822 1.2
      vertex -65.4556 41.5072 1.2
      vertex -67.0705 41.483 1.2
    endloop
  endfacet
  facet normal -0.0868689 0.99622 0
    outer loop
      vertex -58.5196 34.6725 0
      vertex -58.5735 34.6678 1
      vertex -58.5196 34.6725 1
    endloop
  endfacet
  facet normal 0 0 1
    outer loop
      vertex -65.543 39.3739 1.2
      vertex -65.6201 39.9072 1.2
      vertex -67.089 39.1435 1.2
    endloop
  endfacet
  facet normal -0 0 1
    outer loop
      vertex -67.1708 39.726 1.2
      vertex -67.089 39.1435 1.2
      vertex -65.6201 39.9072 1.2
    endloop
  endfacet
  facet normal 0 0 1
    outer loop
      vertex -67.1959 40.3142 1.2
      vertex -67.1708 39.726 1.2
      vertex -65.6201 39.9072 1.2
    endloop
  endfacet
  facet normal 0 0 1
    outer loop
      vertex -67.1615 40.9014 1.2
      vertex -67.1959 40.3142 1.2
      vertex -65.6312 40.4461 1.2
    endloop
  endfacet
  facet normal -0.254133 0.967169 0
    outer loop
      vertex -58.4667 34.6864 1
      vertex -58.4667 34.6864 0
      vertex -58.5196 34.6725 0
    endloop
  endfacet
  facet normal -0.254133 0.967169 0
    outer loop
      vertex -58.4667 34.6864 1
      vertex -58.5196 34.6725 0
      vertex -58.5196 34.6725 1
    endloop
  endfacet
  facet normal -0.19501 0.742162 0.641222
    outer loop
      vertex -58.4667 34.6864 1
      vertex -58.5196 34.6725 1
      vertex -58.41 34.5285 1.2
    endloop
  endfacet
  facet normal -0.196396 0.741532 0.641528
    outer loop
      vertex -58.5196 34.6725 1
      vertex -58.4908 34.5071 1.2
      vertex -58.41 34.5285 1.2
    endloop
  endfacet
endsolid OpenSCAD_Model
